{"train_loss": 0.00472751259803772, "train_stdev": 0.00472751259803772, "train_rmse": 0.3938111364841461, "train_r2": 125.04086303710938, "stdev_factor": 1, "_timestamp": 1660563686, "_runtime": 26, "_step": 36, "eval_max": 0.746160626411438, "eval_mse": 0.13582758788960597, "eval_mae": {"min": 0.3014884439762682}, "eval_rmse": 0.3685479451707823, "eval_r2": {"max": -0.9364394616894129}, "eval_stdev": 0.12448611552257821, "eval_stdev_error": 0.140359039171083, "eval_qwk": {"max": -0.43167353051291646}, "eval_kappa": {"max": -0.20991617620831104}}