{"train_loss": NaN, "train_stdev": 0.0, "train_rmse": 0.4563283622264862, "train_r2": Infinity, "stdev_factor": 1.0, "_timestamp": 1656517013, "_runtime": 97, "_step": 270, "eval_max": 0.9784068465232849, "eval_mse": 0.2832199397441285, "eval_mae": 0.4595308963535937, "eval_rmse": 0.5321841220330878, "eval_r2": -1.7901529753586414, "eval_stdev": 0.2590528527561866, "eval_stdev_error": 0.059548712826463235, "_wandb": {"runtime": 95}}