{"train_loss": 0.038807276636362076, "train_stdev": 0.016971319913864136, "train_rmse": 0.017899204045534134, "train_r2": 46.1633186340332, "stdev_factor": 0.3431255179884165, "_timestamp": 1656678111, "_runtime": 128, "_step": 700, "eval_max": 0.3131982684135437, "eval_mse": 0.018052702425587697, "eval_mae": 0.10247656106948852, "eval_rmse": 0.13436034543565187, "eval_r2": -0.057646442878262816, "eval_stdev": 0.06472071741287111, "eval_stdev_error": 0.06592670781954021, "_wandb": {"runtime": 127}}