{"train_loss": 0.20692110061645508, "train_stdev": 0.06671182811260223, "train_rmse": 0.25631698966026306, "train_r2": 93.00662231445312, "stdev_factor": 0.44953325098077196, "_timestamp": 1660741904, "_runtime": 723, "_step": 2300, "eval_max": 0.4035613536834717, "eval_mse": 0.01748652021026809, "eval_mae": {"min": 0.10251713136676699}, "eval_rmse": 0.13223660692209283, "eval_r2": {"max": 0.5729869855956513}, "eval_stdev": 0.13773245983436305, "eval_stdev_error": 0.06300822439540593, "eval_qwk": {"max": 0.7537842542365686}, "eval_kappa": {"max": 0.14459804756600936}, "_wandb": {"runtime": 720}}