{"train_loss": 0.1537734568119049, "train_stdev": 0.06849411129951477, "train_rmse": 0.16647183895111084, "train_r2": 81.33892822265625, "stdev_factor": 0.44950873165397887, "_timestamp": 1660681050, "_runtime": 826, "_step": 2625, "eval_max": 0.282326877117157, "eval_mse": 0.009718624700054723, "eval_mae": {"min": 0.07633529743179679}, "eval_rmse": 0.09858308526341993, "eval_r2": {"max": 0.5971824296097531}, "eval_stdev": 0.08663633473730263, "eval_stdev_error": 0.06207024255105752, "eval_qwk": {"max": 0.7263604240282686}, "eval_kappa": {"max": 0.22734228872640705}, "_wandb": {"runtime": 824}}