{"train_loss": 0.1715831458568573, "train_stdev": 0.015357628464698792, "train_rmse": 0.42537721991539, "train_r2": 58.30314636230469, "stdev_factor": 0.6534726845736665, "_timestamp": 1656491965, "_runtime": 98, "_step": 260, "eval_max": 0.7392319887876511, "eval_mse": 0.2306000055221839, "eval_mae": 0.460601623569216, "eval_rmse": 0.4802082938914986, "eval_r2": -15.129903006407137, "eval_stdev": 0.055160217992377095, "eval_stdev_error": 0.06440745543863706, "_wandb": {"runtime": 95}}