{"train_loss": 0.22993314266204834, "train_stdev": 0.07918861508369446, "train_rmse": 0.28880321979522705, "train_r2": 91.74537658691406, "stdev_factor": 0.44950873165397887, "_timestamp": 1660659114, "_runtime": 862, "_step": 2625, "eval_max": 0.3420369625091553, "eval_mse": 0.017424074267739724, "eval_mae": {"min": 0.10108104668324813}, "eval_rmse": 0.13200028131689615, "eval_r2": {"max": 0.7643636497205544}, "eval_stdev": 0.18388846087366828, "eval_stdev_error": 0.07545094509895744, "eval_qwk": {"max": 0.8071021481806225}, "eval_kappa": {"max": 0.4447781114447781}, "_wandb": {"runtime": 858}}