{"train_loss": 0.2869499921798706, "train_stdev": 0.05516144633293152, "train_rmse": 0.40178319811820984, "train_r2": 106.34513092041016, "stdev_factor": 0.44951622352860526, "_timestamp": 1660711891, "_runtime": 666, "_step": 2500, "eval_max": 0.6436318755149841, "eval_mse": 0.031963891283050355, "eval_mae": {"min": 0.1429481481318362}, "eval_rmse": 0.1787844827803866, "eval_r2": {"max": 0.6387470300577502}, "eval_stdev": 0.24605448438125363, "eval_stdev_error": 0.051402457927777284, "eval_qwk": {"max": 0.7076946895804304}, "eval_kappa": {"max": 0.3701230228471002}, "_wandb": {"runtime": 663}}