{"train_loss": 0.041020467877388, "train_stdev": 0.041020467877388, "train_rmse": 0.4232979416847229, "train_r2": 246.54287719726562, "stdev_factor": 1, "_timestamp": 1660575159, "_runtime": 39, "_step": 71, "eval_max": 0.997038722038269, "eval_mse": 0.4027872876534474, "eval_mae": {"min": 0.30549424048513174}, "eval_rmse": 0.6346552510248752, "eval_r2": {"max": -1.1682095785136308}, "eval_stdev": 0.2568383013407973, "eval_stdev_error": 0.0044389266665769145, "eval_qwk": {"max": -0.19680289549087626}, "eval_kappa": {"max": -0.015463224418448274}}