{"train_loss": 0.03354300558567047, "train_stdev": 0.03354300558567047, "train_rmse": 0.24547183513641357, "train_r2": 189.97886657714844, "stdev_factor": 1, "_timestamp": 1660561879, "_runtime": 34, "_step": 59, "eval_max": 0.9976295232772827, "eval_mse": 0.10058985542198481, "eval_mae": {"min": 0.2367254914715886}, "eval_rmse": 0.3171590380581717, "eval_r2": {"max": -2.377584543093775}, "eval_stdev": 0.1635492722291115, "eval_stdev_error": 0.004480945140078657, "eval_qwk": {"max": -0.561364563040819}, "eval_kappa": {"max": -0.009703315881326446}}