{"train_loss": 0.0423734150826931, "train_stdev": 0.026134595274925232, "train_rmse": 0.02120990864932537, "train_r2": 42.35146713256836, "stdev_factor": 0.3431255179884165, "_timestamp": 1656677651, "_runtime": 393, "_step": 700, "eval_max": 0.30118685960769653, "eval_mse": 0.024082573493122796, "eval_mae": 0.13165189623832702, "eval_rmse": 0.15518560981329035, "eval_r2": -1.7211944187611676, "eval_stdev": 0.09107747064902681, "eval_stdev_error": 0.0029969736010613673, "_wandb": {"runtime": 391}}