{"train_loss": 0.01058870553970337, "train_stdev": 0.01058870553970337, "train_rmse": 0.4625268876552582, "train_r2": 181.0803985595703, "stdev_factor": 1, "_timestamp": 1660574307, "_runtime": 34, "_step": 60, "eval_max": 0.9872849583625793, "eval_mse": 0.35195806411577013, "eval_mae": {"min": 0.28735554113518447}, "eval_rmse": 0.5932605364557549, "eval_r2": {"max": -1.1885520765472632}, "eval_stdev": 0.2729858517984008, "eval_stdev_error": 0.02298585179840079, "eval_qwk": {"max": -0.26443335709194593}, "eval_kappa": {"max": -0.053865475858219325}}