{"train_loss": 0.05197614058852196, "_timestamp": 1654171900, "_runtime": 1120, "_step": 5900, "eval_max": 0.41867220401763916, "eval_mse": 0.036639341121440794, "eval_mae": 0.159121490403777, "eval_rmse": 0.19141405674986567, "eval_r2": -0.7797715864489849, "eval_stddev": 0.001802127461849564, "_wandb": {"runtime": 1122}}