{"train_loss": 0.1558603048324585, "train_stdev": 0.10781431943178177, "train_rmse": 0.2071591168642044, "train_r2": 4.591518402099609, "stdev_factor": 0.5315276818787179, "_timestamp": 1656591809, "_runtime": 861, "_step": 5385, "eval_max": 0.44909679889678955, "eval_mse": 0.03224801521383006, "eval_mae": 0.1357508035082566, "eval_rmse": 0.17957732377399455, "eval_r2": -0.4275331838630927, "eval_stdev": 0.03283349842453638, "eval_stdev_error": 0.11746629676467508, "_wandb": {"runtime": 859}}