{"train_loss": 0.18253985047340393, "train_stdev": 0.08085472881793976, "train_rmse": 0.20766893029212952, "train_r2": 82.71833038330078, "stdev_factor": 0.44950873165397887, "_timestamp": 1660689210, "_runtime": 805, "_step": 2600, "eval_max": 0.2868845462799072, "eval_mse": 0.010661395100794516, "eval_mae": {"min": 0.07238671008963138}, "eval_rmse": 0.10325403188638455, "eval_r2": {"max": 0.6048149531127762}, "eval_stdev": 0.07086264174598224, "eval_stdev_error": 0.07320756170473362, "eval_qwk": {"max": 0.6972418216805645}, "eval_kappa": {"max": 0.1949060413107625}, "_wandb": {"runtime": 803}}