{"train_loss": 0.07249537110328674, "train_stdev": 0.0012357234954833984, "train_rmse": 0.323669970035553, "train_r2": 131.07235717773438, "stdev_factor": 0.8279520805529065, "_timestamp": 1660567277, "_runtime": 344, "_step": 1133, "eval_max": 0.9989583492279053, "eval_mse": 0.24400315271557493, "eval_mae": {"min": 0.3343711186898872}, "eval_rmse": 0.4939667526418908, "eval_r2": {"max": -1.5112531784689462}, "eval_stdev": 0.24679753954156378, "eval_stdev_error": 0.011007562151526012, "eval_qwk": {"max": -0.357558568938521}, "eval_kappa": {"max": 0.013783066518277542}}