{"train_loss": 0.1578478366136551, "train_stdev": 0.06258124113082886, "train_rmse": 0.17588819563388824, "train_r2": 85.35779571533203, "stdev_factor": 0.44950873165397887, "_timestamp": 1660680218, "_runtime": 829, "_step": 2625, "eval_max": 0.27880293130874634, "eval_mse": 0.009646924438714866, "eval_mae": {"min": 0.07290491240564734}, "eval_rmse": 0.09821875807968082, "eval_r2": {"max": 0.7059151164305522}, "eval_stdev": 0.09793651102163622, "eval_stdev_error": 0.06818155926244895, "eval_qwk": {"max": 0.77985667752443}, "eval_kappa": {"max": 0.23624087304702834}, "_wandb": {"runtime": 826}}