{"train_loss": 0.16857247054576874, "train_stdev": 0.0722031369805336, "train_rmse": 0.18901073932647705, "train_r2": 83.21859741210938, "stdev_factor": 0.44950873165397887, "_timestamp": 1660697578, "_runtime": 830, "_step": 2625, "eval_max": 0.2785158008337021, "eval_mse": 0.009480014919590933, "eval_mae": {"min": 0.07365705445408821}, "eval_rmse": 0.09736536817365266, "eval_r2": {"max": 0.4888433997902035}, "eval_stdev": 0.08183291815662729, "eval_stdev_error": 0.05246939583074352, "eval_qwk": {"max": 0.5290819901892081}, "eval_kappa": {"max": 0.22943143812709033}, "_wandb": {"runtime": 828}}