{"train_loss": 0.13206148147583008, "train_stdev": 0.055814504623413086, "train_rmse": 0.1372881382703781, "train_r2": 81.5734634399414, "stdev_factor": 0.4497785178207278, "_timestamp": 1660742613, "_runtime": 361, "_step": 1110, "eval_max": 0.2365606427192688, "eval_mse": 0.008880666262065743, "eval_mae": {"min": 0.07253803149797022}, "eval_rmse": 0.09423728700501592, "eval_r2": {"max": 0.4351181854571662}, "eval_stdev": 0.05149597503579665, "eval_stdev_error": 0.06921643258119634, "eval_qwk": {"max": 0.5870996540564669}, "eval_kappa": {"max": 0.06915029344220469}, "_wandb": {"runtime": 357}}