{"train_loss": 0.1727316677570343, "train_stdev": 0.1319166123867035, "train_rmse": 0.19332030415534973, "train_r2": 38.95695877075195, "stdev_factor": 0.33529970212520366, "_timestamp": 1656687015, "_runtime": 246, "_step": 1400, "eval_max": 0.23016422986984253, "eval_mse": 0.013498417360169634, "eval_mae": 0.09296995848417282, "eval_rmse": 0.11618268958915366, "eval_r2": 0.18067266265787263, "eval_stdev": 0.11641088210758711, "eval_stdev_error": 0.011944091937950332, "_wandb": {"runtime": 246}}