{"train_loss": 0.29991334676742554, "train_stdev": 0.08979734778404236, "train_rmse": 0.403729110956192, "train_r2": 96.80228424072266, "stdev_factor": 0.44951622352860526, "_timestamp": 1660713253, "_runtime": 688, "_step": 2524, "eval_max": 0.6059860587120056, "eval_mse": 0.04645712845373029, "eval_mae": {"min": 0.14026159756576817}, "eval_rmse": 0.21553915758796657, "eval_r2": {"max": 0.7080356370508022}, "eval_stdev": 0.24455628399401722, "eval_stdev_error": 0.07646469995332508, "eval_qwk": {"max": 0.7733292269787496}, "eval_kappa": {"max": 0.5071753587679384}, "_wandb": {"runtime": 686}}