{"train_loss": 0.13269291818141937, "train_stdev": 0.03390610218048096, "train_rmse": 0.18772651255130768, "train_r2": 56.00508117675781, "stdev_factor": 0.4882147053050323, "_timestamp": 1656665725, "_runtime": 70, "_step": 400, "eval_max": 0.6117890775203705, "eval_mse": 0.05318650071248982, "eval_mae": 0.15838083624839783, "eval_rmse": 0.2306219866198577, "eval_r2": -1.0852404630188919, "eval_stdev": 0.12564383847588598, "eval_stdev_error": 0.03406267806362143, "_wandb": {"runtime": 68}}