{"train_loss": NaN, "train_stdev": 0.0, "train_rmse": 0.4807637631893158, "train_r2": Infinity, "stdev_factor": 1.0, "_timestamp": 1656513834, "_runtime": 3830, "_step": 12471, "eval_max": 0.9999969731090914, "eval_mse": 0.042515110384250286, "eval_mae": 0.14422229934444508, "eval_rmse": 0.20619192608889972, "eval_r2": 0.5702284646022969, "eval_stdev": 0.2690859519373002, "eval_stdev_error": 0.045437353756025256, "_wandb": {"runtime": 3827}}