{"train_loss": 0.31817716360092163, "train_stdev": 0.32270872592926025, "train_rmse": 0.10501709580421448, "train_r2": 63.001319885253906, "stdev_factor": 0.9738951666551345, "_timestamp": 1656519392, "_runtime": 255, "_step": 662, "eval_max": 0.503895103931427, "eval_mse": 0.10474436221239661, "eval_mae": 0.27425399054514915, "eval_rmse": 0.32364233686648075, "eval_r2": -0.015595710293079268, "eval_stdev": 0.001190570605461845, "eval_stdev_error": 0.3199571910740186}