{"train_loss": 9.422004222869873e-05, "train_stdev": 9.422004222869873e-05, "train_rmse": 0.22482749819755554, "train_r2": 127.21189880371094, "stdev_factor": 1, "_timestamp": 1660560694, "_runtime": 31, "_step": 38, "eval_max": 0.9661014676094055, "eval_mse": 0.07522338596051441, "eval_mae": {"min": 0.22960052848793566}, "eval_rmse": 0.27426882061312474, "eval_r2": {"max": -2.1188886176918156}, "eval_stdev": 0.13580554696849256, "eval_stdev_error": 0.019496259081330736, "eval_qwk": {"max": -0.6070025237197714}, "eval_kappa": {"max": -0.07410041245910959}}