{"train_loss": 0.13076411187648773, "train_stdev": 0.05996108055114746, "train_rmse": 0.13172900676727295, "train_r2": 81.30432891845703, "stdev_factor": 0.4497785178207278, "_timestamp": 1660742248, "_runtime": 339, "_step": 1100, "eval_max": 0.38448937982320786, "eval_mse": 0.011063956373179772, "eval_mae": {"min": 0.07999684603419155}, "eval_rmse": 0.10518534295794149, "eval_r2": {"max": 0.2527312632920664}, "eval_stdev": 0.06153370364258542, "eval_stdev_error": 0.060145629444452585, "eval_qwk": {"max": 0.49606299212598426}, "eval_kappa": {"max": 0.076526668384437}, "_wandb": {"runtime": 335}}