{"train_loss": 0.3491496443748474, "train_stdev": 0.3322086036205292, "train_rmse": 0.3534528613090515, "train_r2": 33.38655090332031, "stdev_factor": 0.6202822608161082, "_timestamp": 1656581843, "_runtime": 48, "_step": 248, "eval_max": 0.5532637238502502, "eval_mse": 0.11494282994446739, "eval_mae": 0.2869768731709243, "eval_rmse": 0.3390321960293261, "eval_r2": -0.09910289145557116, "eval_stdev": 0.010616203036281949, "eval_stdev_error": 0.3127702087401307, "_wandb": {"runtime": 47}}