{"train_loss": 0.2253239005804062, "train_stdev": 0.05837529897689819, "train_rmse": 0.2923243045806885, "train_r2": 99.03291320800781, "stdev_factor": 0.44950873165397887, "_timestamp": 1660660786, "_runtime": 821, "_step": 2600, "eval_max": 0.5802646279335022, "eval_mse": 0.023538956300272206, "eval_mae": {"min": 0.10967386560150771}, "eval_rmse": 0.1534241059946976, "eval_r2": {"max": 0.6423513804597886}, "eval_stdev": 0.179629596965589, "eval_stdev_error": 0.06355603523537878, "eval_qwk": {"max": 0.7903391572456321}, "eval_kappa": {"max": 0.4840518752190677}, "_wandb": {"runtime": 818}}