{"train_loss": 0.15245109796524048, "train_stdev": 0.072679802775383, "train_rmse": 0.1620447337627411, "train_r2": 79.3490982055664, "stdev_factor": 0.44950873165397887, "_timestamp": 1660694204, "_runtime": 859, "_step": 2675, "eval_max": 0.27210861444473267, "eval_mse": 0.007700438536713374, "eval_mae": {"min": 0.06208374269772321}, "eval_rmse": 0.08775214263317661, "eval_r2": {"max": 0.7005888295196304}, "eval_stdev": 0.09046873815408482, "eval_stdev_error": 0.05677149173671475, "eval_qwk": {"max": 0.7704466780664804}, "eval_kappa": {"max": 0.28224299065420566}, "_wandb": {"runtime": 856}}