{"train_loss": 0.0361785888671875, "train_stdev": 0.0361785888671875, "train_rmse": 0.4197610318660736, "train_r2": 144.886962890625, "stdev_factor": 1.0, "_timestamp": 1656514558, "_runtime": 178, "_step": 528, "eval_max": 0.996947658713907, "eval_mse": 0.06379769772557539, "eval_mae": 0.19937471072960058, "eval_rmse": 0.25258206136932093, "eval_r2": 0.3770541800245688, "eval_stdev": 0.31105388625303154, "eval_stdev_error": 0.008966293838647443}