{"train_loss": 0.24740205705165863, "train_stdev": 0.07695980370044708, "train_rmse": 0.31980156898498535, "train_r2": 95.40127563476562, "stdev_factor": 0.44951622352860526, "_timestamp": 1660706943, "_runtime": 700, "_step": 2500, "eval_max": 0.7136470675468445, "eval_mse": 0.05976693798407754, "eval_mae": {"min": 0.16481128753366647}, "eval_rmse": 0.24447277554786656, "eval_r2": {"max": 0.3985252286574279}, "eval_stdev": 0.18628243218276522, "eval_stdev_error": 0.08193409156035417, "eval_qwk": {"max": 0.5478379298604017}, "eval_kappa": {"max": 0.22456653436390228}, "_wandb": {"runtime": 697}}