{"train_loss": 0.03912835195660591, "train_stdev": 0.013510480523109436, "train_rmse": 0.022570772096514702, "train_r2": 58.56515121459961, "stdev_factor": 0.4882147053050323, "_timestamp": 1656665830, "_runtime": 69, "_step": 400, "eval_max": 0.1772766411304474, "eval_mse": 0.009812475692795431, "eval_mae": 0.08534730474154155, "eval_rmse": 0.09905794108901836, "eval_r2": 0.09474883691539482, "eval_stdev": 0.11367484833814685, "eval_stdev_error": 0.0095618985756986, "_wandb": {"runtime": 67}}