{"train_loss": 0.037544041872024536, "train_stdev": 0.037544041872024536, "train_rmse": 0.5178245306015015, "train_r2": 224.1776123046875, "stdev_factor": 1, "_timestamp": 1656338658, "_runtime": 20, "_step": 21}