{"train_loss": 0.10807584971189499, "train_stdev": 0.003474399447441101, "train_rmse": 0.1719432771205902, "train_r2": 51.30936050415039, "stdev_factor": 0.4882147053050323, "_timestamp": 1656665634, "_runtime": 70, "_step": 400, "eval_max": 0.4215404987335205, "eval_mse": 0.04181966913008021, "eval_mae": 0.15870512856377494, "eval_rmse": 0.20449857977521557, "eval_r2": -1.6505426366167772, "eval_stdev": 0.12990854814706965, "eval_stdev_error": 0.004298928982216177, "_wandb": {"runtime": 68}}