{"train_loss": 0.27516525983810425, "train_stdev": 0.0628570020198822, "train_rmse": 0.3745625615119934, "train_r2": 105.67173767089844, "stdev_factor": 0.44951622352860526, "_timestamp": 1660715308, "_runtime": 683, "_step": 2524, "eval_max": 0.8860874176025391, "eval_mse": 0.05397803722251396, "eval_mae": {"min": 0.16178736157780804}, "eval_rmse": 0.2323317395934399, "eval_r2": {"max": 0.4720018638369292}, "eval_stdev": 0.22919684742511584, "eval_stdev_error": 0.0740963486691987, "eval_qwk": {"max": 0.6575875486381323}, "eval_kappa": {"max": 0.39622641509433965}, "_wandb": {"runtime": 680}}