{"train_loss": 0.2878580689430237, "train_stdev": 0.0822974443435669, "train_rmse": 0.38729631900787354, "train_r2": 97.74182891845703, "stdev_factor": 0.44951622352860526, "_timestamp": 1660714619, "_runtime": 686, "_step": 2524, "eval_max": 0.8922874927520752, "eval_mse": 0.05642200223951256, "eval_mae": {"min": 0.17672701543779112}, "eval_rmse": 0.23753316029454194, "eval_r2": {"max": 0.41297393688558226}, "eval_stdev": 0.2192240290398278, "eval_stdev_error": 0.0803230662247178, "eval_qwk": {"max": 0.6412496908746188}, "eval_kappa": {"max": 0.3718076888121421}, "_wandb": {"runtime": 683}}