{"train_loss": Infinity, "train_stdev": 0.0, "train_rmse": 0.1045815646648407, "train_r2": Infinity, "stdev_factor": 0.48852548626458936, "_timestamp": 1656518900, "_runtime": 159, "_step": 479, "eval_max": 0.39784425497055054, "eval_mse": 0.058521682262349994, "eval_mae": 0.2132906381572996, "eval_rmse": 0.24191255085743277, "eval_r2": -3.0934476845564243, "eval_stdev": 0.0024637296674222746, "eval_stdev_error": 0.11710394376359189, "_wandb": {"runtime": 154}}