{"train_loss": 0.055208053439855576, "train_stdev": 0.062083207070827484, "train_rmse": 0.024412784725427628, "train_r2": 36.36522674560547, "stdev_factor": 0.4371441435068357, "_timestamp": 1656676814, "_runtime": 37, "_step": 140, "eval_max": 0.793624997138977, "eval_mse": 0.0391720800273017, "eval_mae": 0.10960589647293091, "eval_rmse": 0.19791937759426614, "eval_r2": -0.210182060533743, "eval_stdev": 0.07747579342552288, "eval_stdev_error": 0.10243737882705331, "_wandb": {"runtime": 35}}