{"train_loss": 0.002711176872253418, "train_stdev": 0.002711176872253418, "train_rmse": 0.3163251280784607, "train_r2": 291.7516174316406, "stdev_factor": 1, "_timestamp": 1660562768, "_runtime": 30, "_step": 43, "eval_max": 0.9622493386268616, "eval_mse": 0.09316502437208174, "eval_mae": {"min": 0.22093344235327095}, "eval_rmse": 0.3052294618349968, "eval_r2": {"max": -3.384235998138748}, "eval_stdev": 0.1260393038744242, "eval_stdev_error": 0.019734500859823645, "eval_qwk": {"max": -0.5249999999999999}, "eval_kappa": {"max": -0.1742031134173463}}