{"train_loss": 0.07289235293865204, "train_stdev": 0.0345827154815197, "train_rmse": 0.09221716970205307, "train_r2": 37.95812225341797, "stdev_factor": 0.33529970212520366, "_timestamp": 1656689987, "_runtime": 245, "_step": 1400, "eval_max": 0.45391592383384705, "eval_mse": 0.02894218330849485, "eval_mae": 0.12550029158592224, "eval_rmse": 0.1701240233138602, "eval_r2": -2.5188061676263613, "eval_stdev": 0.1084937522113388, "eval_stdev_error": 0.017801962433336885, "_wandb": {"runtime": 244}}