{"train_loss": 0.157248392701149, "train_stdev": 0.1287393569946289, "train_rmse": 0.20947608351707458, "train_r2": 51.42869186401367, "stdev_factor": 0.7557837414557255, "_timestamp": 1656582218, "_runtime": 103, "_step": 500, "eval_max": 0.3977435231208801, "eval_mse": 0.06189700925152269, "eval_mae": 0.2210128094468798, "eval_rmse": 0.24879109560336496, "eval_r2": -3.329543502624505, "eval_stdev": 0.002446098869539484, "eval_stdev_error": 0.11712157456147466, "_wandb": {"runtime": 101}}