{"train_loss": 0.14560595154762268, "train_stdev": 0.052135348320007324, "train_rmse": 0.16066405177116394, "train_r2": 87.52313232421875, "stdev_factor": 0.44950873165397887, "_timestamp": 1660692529, "_runtime": 806, "_step": 2600, "eval_max": 0.2635642886161804, "eval_mse": 0.009833994563751879, "eval_mae": {"min": 0.07672412315150723}, "eval_rmse": 0.09916649920084847, "eval_r2": {"max": 0.6280309052485601}, "eval_stdev": 0.09164252137951173, "eval_stdev_error": 0.06241831051827962, "eval_qwk": {"max": 0.736}, "eval_kappa": {"max": 0.20236142997704165}, "_wandb": {"runtime": 804}}