{"train_loss": 0.13248084485530853, "train_stdev": 0.034139543771743774, "train_rmse": 0.19227614998817444, "train_r2": 101.84934997558594, "stdev_factor": 0.5713690247801779, "_timestamp": 1660559647, "_runtime": 763, "_step": 2599, "eval_max": 0.2939774990081787, "eval_mse": 0.008031037938442672, "eval_mae": 0.06982741877436638, "eval_rmse": 0.08961605848531094, "eval_r2": 0.6969586996923873, "eval_stdev": 0.14315221903206155, "eval_stdev_error": 0.019640481762079304, "eval_qwk": 0.7571884984025559, "_wandb": {"runtime": 761}}