{"train_loss": Infinity, "train_stdev": 0.0, "train_rmse": 0.14502596855163574, "train_r2": Infinity, "stdev_factor": 0.7287943858367256, "_timestamp": 1656518647, "_runtime": 34, "_step": 114, "eval_max": 0.39770781993865967, "eval_mse": 0.05894901089856936, "eval_mae": 0.2146367962871279, "eval_rmse": 0.24279417393868694, "eval_r2": -3.123338271239067, "eval_stdev": 0.0013029230277266186, "eval_stdev_error": 0.11826475040328753}