{"train_loss": 0.05919855833053589, "train_stdev": 0.00826212763786316, "train_rmse": 0.13796676695346832, "train_r2": 24.694961547851562, "stdev_factor": 0.6534726845736665, "_timestamp": 1656492235, "_runtime": 96, "_step": 260, "eval_max": 0.3093176782131195, "eval_mse": 0.017870422013208462, "eval_mae": 0.1062301972082683, "eval_rmse": 0.13368029777498427, "eval_r2": -0.2499920505374218, "eval_stdev": 0.04231117629246536, "eval_stdev_error": 0.07725649713854879, "_wandb": {"runtime": 93}}