{"train_loss": 0.13587923347949982, "train_stdev": 0.04344750940799713, "train_rmse": 0.21647725999355316, "train_r2": 99.37339782714844, "stdev_factor": 0.6189814341766082, "_timestamp": 1660556710, "_runtime": 572, "_step": 1949, "eval_max": 0.9710071086883545, "eval_mse": 0.09370261305615181, "eval_mae": 0.23759919998701662, "eval_rmse": 0.30610882551169905, "eval_r2": -2.0022365431846065, "eval_stdev": 0.14025634713423432, "eval_stdev_error": 0.03640982435842452, "eval_qwk": -0.7709671195876857, "_wandb": {"runtime": 568}}