{"train_loss": 0.22415947914123535, "train_stdev": 0.07617363333702087, "train_rmse": 0.2805989384651184, "train_r2": 91.99964904785156, "stdev_factor": 0.44950873165397887, "_timestamp": 1660665968, "_runtime": 828, "_step": 2600, "eval_max": 0.5733964443206787, "eval_mse": 0.021889842782446947, "eval_mae": {"min": 0.11615900153992698}, "eval_rmse": 0.14795216383158089, "eval_r2": {"max": 0.5543589523111967}, "eval_stdev": 0.1657089532929534, "eval_stdev_error": 0.051281388311481546, "eval_qwk": {"max": 0.6970537827470824}, "eval_kappa": {"max": 0.36470121103831643}, "_wandb": {"runtime": 825}}