{"train_loss": 0.24686069786548615, "train_stdev": 0.02346205711364746, "train_rmse": 0.41389238834381104, "train_r2": 117.62744903564453, "stdev_factor": 0.5274682174816749, "_timestamp": 1660566037, "_runtime": 658, "_step": 2500, "eval_max": 0.776055634021759, "eval_mse": 0.06845435446259435, "eval_mae": {"min": 0.17013447770295897}, "eval_rmse": 0.2616378307175672, "eval_r2": {"max": 0.5212232640720065}, "eval_stdev": 0.2940500917105554, "eval_stdev_error": 0.016436042478426505, "eval_qwk": {"max": 0.6858172892536627}, "eval_kappa": {"max": 0.3738191632928475}, "_wandb": {"runtime": 656}}