{"train_loss": 0.2511664628982544, "train_stdev": 0.06333862245082855, "train_rmse": 0.4997697174549103, "train_r2": 150.85414123535156, "stdev_factor": 0.6534726845736665, "_timestamp": 1656492455, "_runtime": 98, "_step": 261, "eval_max": 0.74138443171978, "eval_mse": 0.22749860892091364, "eval_mae": 0.45707850583962034, "eval_rmse": 0.4769681424591308, "eval_r2": -14.912967944980707, "eval_stdev": 0.05765688186267311, "eval_stdev_error": 0.06191079156834105, "_wandb": {"runtime": 96}}