{"train_loss": NaN, "train_stdev": 0.0, "train_rmse": 0.06345075368881226, "train_r2": Infinity, "stdev_factor": 1.0, "_timestamp": 1656516775, "_runtime": 97, "_step": 270, "eval_max": 0.9864450125023723, "eval_mse": 0.060325696725182225, "eval_mae": 0.1896541534498174, "eval_rmse": 0.24561290016035847, "eval_r2": 0.4044642726005211, "eval_stdev": 0.27735367394931343, "eval_stdev_error": 0.0409174683281896, "_wandb": {"runtime": 95}}