{"train_loss": 0.27529770135879517, "train_stdev": 0.03960573673248291, "train_rmse": 0.3899027407169342, "train_r2": 111.2246322631836, "stdev_factor": 0.44951622352860526, "_timestamp": 1660711219, "_runtime": 664, "_step": 2500, "eval_max": 0.7004876136779785, "eval_mse": 0.04217316036702087, "eval_mae": {"min": 0.1547610708951197}, "eval_rmse": 0.20536104880678047, "eval_r2": {"max": 0.5527973525672361}, "eval_stdev": 0.2537563434580953, "eval_stdev_error": 0.03920951625151148, "eval_qwk": {"max": 0.7391014975041597}, "eval_kappa": {"max": 0.4892711473665543}, "_wandb": {"runtime": 662}}