{"train_loss": 0.10758166015148163, "train_stdev": 0.039372920989990234, "train_rmse": 0.13510817289352417, "train_r2": 44.166282653808594, "stdev_factor": 0.31894694268781826, "_timestamp": 1656688226, "_runtime": 244, "_step": 1400, "eval_max": 0.2809513211250305, "eval_mse": 0.019090888675795094, "eval_mae": 0.11024715602397919, "eval_rmse": 0.13816978206465802, "eval_r2": -1.0042926338881624, "eval_stdev": 0.07624749127303906, "eval_stdev_error": 0.021348618626753302, "_wandb": {"runtime": 245}}