{"train_loss": 0.25367364287376404, "train_stdev": 0.11138565838336945, "train_rmse": 0.3098123371601105, "train_r2": 85.78265380859375, "stdev_factor": 0.44950873165397887, "_timestamp": 1660662646, "_runtime": 848, "_step": 2600, "eval_max": 0.7447903156280518, "eval_mse": 0.036581243107090794, "eval_mae": {"min": 0.12793321046046913}, "eval_rmse": 0.19126223648982774, "eval_r2": {"max": 0.5299527905857189}, "eval_stdev": 0.15932758496900795, "eval_stdev_error": 0.09942278065195959, "eval_qwk": {"max": 0.7167743748243889}, "eval_kappa": {"max": 0.3613411835146193}, "_wandb": {"runtime": 845}}