{"train_loss": 0.1282251477241516, "train_stdev": 0.048766497522592545, "train_rmse": 0.13107450306415558, "train_r2": 88.72013092041016, "stdev_factor": 0.4497785178207278, "_timestamp": 1660743645, "_runtime": 337, "_step": 1100, "eval_max": 0.22679990530014038, "eval_mse": 0.009092924721120416, "eval_mae": {"min": 0.07558271894231439}, "eval_rmse": 0.09535682839272926, "eval_r2": {"max": 0.32088160516529396}, "eval_stdev": 0.05774138650025354, "eval_stdev_error": 0.05712266521498434, "eval_qwk": {"max": 0.572720146328717}, "eval_kappa": {"max": 0.0626927029804728}, "_wandb": {"runtime": 334}}