{"train_loss": 0.0410986989736557, "train_stdev": 0.0410986989736557, "train_rmse": 0.36358827352523804, "train_r2": 112.70415496826172, "stdev_factor": 1, "_timestamp": 1660564711, "_runtime": 25, "_step": 34, "eval_max": 0.7822108864784241, "eval_mse": 0.1339315612579897, "eval_mae": {"min": 0.3020933708176017}, "eval_rmse": 0.3659666122175487, "eval_r2": {"max": -0.9561224862311204}, "eval_stdev": 0.1368174450294969, "eval_stdev_error": 0.12484623380406473, "eval_qwk": {"max": -0.3739612188365651}, "eval_kappa": {"max": -0.28060405851816905}}