{"train_loss": 0.23683704435825348, "train_stdev": 0.05217234790325165, "train_rmse": 0.36893823742866516, "train_r2": 105.76083374023438, "stdev_factor": 0.5274682174816749, "_timestamp": 1660564433, "_runtime": 661, "_step": 2500, "eval_max": 0.6201260387897491, "eval_mse": 0.06916701867788357, "eval_mae": {"min": 0.18770592967848643}, "eval_rmse": 0.2629962332009407, "eval_r2": {"max": 0.33102944845382354}, "eval_stdev": 0.23108747310694597, "eval_stdev_error": 0.04822685258173118, "eval_qwk": {"max": 0.5891663735490679}, "eval_kappa": {"max": 0.2714336535040911}, "_wandb": {"runtime": 658}}