{"train_loss": 0.0337395966053009, "train_stdev": 0.0337395966053009, "train_rmse": 0.41232791543006897, "train_r2": 114.13034057617188, "stdev_factor": 1, "_timestamp": 1660563651, "_runtime": 84, "_step": 260, "eval_max": 0.9910146594047546, "eval_mse": 0.2757535840962534, "eval_mae": {"min": 0.33288000244647264}, "eval_rmse": 0.525122446764803, "eval_r2": {"max": -1.0088831339210063}, "eval_stdev": 0.25325066109569844, "eval_stdev_error": 0.024651869593719233, "eval_qwk": {"max": -0.04622322435174753}, "eval_kappa": {"max": 0.010107197549770297}}