{"train_loss": 0.24248088896274567, "train_stdev": 0.07137289643287659, "train_rmse": 0.31455984711647034, "train_r2": 96.63587188720703, "stdev_factor": 0.44951622352860526, "_timestamp": 1660706238, "_runtime": 763, "_step": 2596, "eval_max": 0.815888449549675, "eval_mse": 0.03882406065424062, "eval_mae": {"min": 0.15562073534238152}, "eval_rmse": 0.19703822130297619, "eval_r2": {"max": 0.4557618767286711}, "eval_stdev": 0.19159071251909446, "eval_stdev_error": 0.07549828511572307, "eval_qwk": {"max": 0.5530800565300524}, "eval_kappa": {"max": 0.22658610271903323}, "_wandb": {"runtime": 760}}