{"train_loss": 0.2717489004135132, "train_stdev": 0.09353436529636383, "train_rmse": 0.35096946358680725, "train_r2": 94.72366333007812, "stdev_factor": 0.44951622352860526, "_timestamp": 1660705470, "_runtime": 736, "_step": 2548, "eval_max": 0.6040617525577545, "eval_mse": 0.05445350274815614, "eval_mae": {"min": 0.15558448107913136}, "eval_rmse": 0.23335274317683977, "eval_r2": {"max": 0.3990992035939881}, "eval_stdev": 0.1787482301634468, "eval_stdev_error": 0.08389846928436859, "eval_qwk": {"max": 0.5546719681908548}, "eval_kappa": {"max": 0.3115587717582633}, "_wandb": {"runtime": 734}}