{"train_loss": 0.24590297043323517, "train_stdev": 0.0398634672164917, "train_rmse": 0.39799225330352783, "train_r2": 111.29188537597656, "stdev_factor": 0.5274682174816749, "_timestamp": 1660566891, "_runtime": 668, "_step": 2500, "eval_max": 0.8929001688957214, "eval_mse": 0.06602442488943153, "eval_mae": {"min": 0.1787591034981233}, "eval_rmse": 0.25695218405265896, "eval_r2": {"max": 0.4573977733777316}, "eval_stdev": 0.2487045988125679, "eval_stdev_error": 0.0656993256559375, "eval_qwk": {"max": 0.6925805498078628}, "eval_kappa": {"max": 0.36790123456790125}, "_wandb": {"runtime": 663}}