{"train_loss": 0.007284616120159626, "_timestamp": 1654170596, "_runtime": 21, "_step": 160, "eval_max": 0.29339271783828735, "eval_mse": 0.015257729196255653, "eval_mae": 0.10502467975020409, "eval_rmse": 0.1235221809889044, "eval_r2": -0.1178642902175202, "eval_stddev": 0.001434786324228818, "_wandb": {"runtime": 22}}