{"train_loss": 0.20080624520778656, "train_stdev": 0.05739574134349823, "train_rmse": 0.25067901611328125, "train_r2": 96.04341125488281, "stdev_factor": 0.44950873165397887, "_timestamp": 1660717473, "_runtime": 822, "_step": 2625, "eval_max": 0.3738056421279907, "eval_mse": 0.02977755075751564, "eval_mae": {"min": 0.12417673070012825}, "eval_rmse": 0.172561730280835, "eval_r2": {"max": 0.6450878130842412}, "eval_stdev": 0.1669891246694939, "eval_stdev_error": 0.08220850129654411, "eval_qwk": {"max": 0.7474383827194683}, "eval_kappa": {"max": 0.38169491525423727}, "_wandb": {"runtime": 819}}