{"train_loss": 0.2210150957107544, "train_stdev": 0.054446280002593994, "train_rmse": 0.28694137930870056, "train_r2": 100.12431335449219, "stdev_factor": 0.44950873165397887, "_timestamp": 1660730234, "_runtime": 806, "_step": 2600, "eval_max": 0.4462777376174927, "eval_mse": 0.028684419809614732, "eval_mae": {"min": 0.11384301382349804}, "eval_rmse": 0.16936475374060192, "eval_r2": {"max": 0.6735242828062555}, "eval_stdev": 0.17380231409001803, "eval_stdev_error": 0.06813303852251357, "eval_qwk": {"max": 0.7938144329896908}, "eval_kappa": {"max": 0.46100535134660936}, "_wandb": {"runtime": 803}}