{"train_loss": 0.24950146675109863, "train_stdev": 0.08665966987609863, "train_rmse": 0.3170452415943146, "train_r2": 93.46599578857422, "stdev_factor": 0.44950873165397887, "_timestamp": 1660734326, "_runtime": 873, "_step": 2700, "eval_max": 0.608585774898529, "eval_mse": 0.03757903934917112, "eval_mae": {"min": 0.14807679349723912}, "eval_rmse": 0.19385313861057582, "eval_r2": {"max": 0.39544513232940826}, "eval_stdev": 0.16548899785979002, "eval_stdev_error": 0.08174144987492848, "eval_qwk": {"max": 0.6863662960795787}, "eval_kappa": {"max": 0.3603837697381571}, "_wandb": {"runtime": 870}}