{"train_loss": 0.2815398573875427, "train_stdev": 0.06888130307197571, "train_rmse": 0.384072482585907, "train_r2": 101.6013412475586, "stdev_factor": 0.44951622352860526, "_timestamp": 1660657311, "_runtime": 1976, "_step": 2500, "eval_max": 0.7856978178024292, "eval_mse": 0.07358283136430582, "eval_mae": {"min": 0.19470635139077785}, "eval_rmse": 0.2712615552641137, "eval_r2": {"max": 0.37199672691244245}, "eval_stdev": 0.23231139914148907, "eval_stdev_error": 0.0822650390229287, "eval_qwk": {"max": 0.7303370786516854}, "eval_kappa": {"max": 0.44129698913237125}, "_wandb": {"runtime": 1973}}