{"train_loss": 0.21883179247379303, "train_stdev": 0.03747154772281647, "train_rmse": 0.3442884385585785, "train_r2": 109.97541809082031, "stdev_factor": 0.5274611846189943, "_timestamp": 1660574092, "_runtime": 772, "_step": 2600, "eval_max": 0.36462312936782837, "eval_mse": 0.01769873982212463, "eval_mae": {"min": 0.10052209533751011}, "eval_rmse": 0.1330366108337274, "eval_r2": {"max": 0.6917849071281068}, "eval_stdev": 0.21246231912776473, "eval_stdev_error": 0.019088042712504, "eval_qwk": {"max": 0.6959078220585615}, "eval_kappa": {"max": 0.2654852320675105}, "_wandb": {"runtime": 769}}