{"train_loss": 0.23205627501010895, "train_stdev": 0.09693677723407745, "train_rmse": 0.2821889817714691, "train_r2": 86.00051879882812, "stdev_factor": 0.44950873165397887, "_timestamp": 1660731940, "_runtime": 837, "_step": 2650, "eval_max": 0.4719325304031372, "eval_mse": 0.026646430039681375, "eval_mae": {"min": 0.11895991113851778}, "eval_rmse": 0.16323734266301132, "eval_r2": {"max": 0.6476563485344735}, "eval_stdev": 0.16712533966545814, "eval_stdev_error": 0.0853571468674881, "eval_qwk": {"max": 0.7432950191570882}, "eval_kappa": {"max": 0.36049616676716345}, "_wandb": {"runtime": 833}}