{"train_loss": 0.26776912808418274, "train_stdev": 0.02904564142227173, "train_rmse": 0.4850401282310486, "train_r2": 118.72761535644531, "stdev_factor": 0.5571845888547531, "_timestamp": 1660641940, "_runtime": 540, "_step": 4800, "eval_max": 0.9999887748199399, "eval_mse": 0.10194042593105673, "eval_mae": 0.2460059859963053, "eval_rmse": 0.3192811080083767, "eval_r2": 0.16042631345217728, "eval_stdev": 0.32560696658939203, "eval_stdev_error": 0.022845716199829447, "eval_qwk": 0.5782814971006853, "_wandb": {"runtime": 537}}