{"train_loss": 0.2579003870487213, "train_stdev": 0.03373923897743225, "train_rmse": 0.403589129447937, "train_r2": 113.5089340209961, "stdev_factor": 0.5010948066075912, "_timestamp": 1660646219, "_runtime": 660, "_step": 2548, "eval_max": 0.9991920518805273, "eval_mse": 0.08100462040969672, "eval_mae": {"min": 0.1911305957809759}, "eval_rmse": 0.2846131065318263, "eval_r2": {"max": 0.40693666770247305}, "eval_stdev": 0.2832107984620718, "eval_stdev_error": 0.057208674410262284, "eval_qwk": {"max": 0.633276740237691}, "eval_kappa": {"max": 0.38436022887469945}, "_wandb": {"runtime": 657}}