{"train_loss": 0.11318401992321014, "train_stdev": 0.08196896314620972, "train_rmse": 0.12717846035957336, "train_r2": 37.013118743896484, "stdev_factor": 0.30954643043143043, "_timestamp": 1656685888, "_runtime": 244, "_step": 1400, "eval_max": 0.26705223321914673, "eval_mse": 0.0238485190379782, "eval_mae": 0.1333139270544052, "eval_rmse": 0.15442965724878818, "eval_r2": -1.0082960124298976, "eval_stdev": 0.07535626184363414, "eval_stdev_error": 0.033616220633141916, "_wandb": {"runtime": 244}}