{"train_loss": 0.2236931174993515, "train_stdev": 0.06508570909500122, "train_rmse": 0.28578323125839233, "train_r2": 96.31745147705078, "stdev_factor": 0.44950873165397887, "_timestamp": 1660738245, "_runtime": 817, "_step": 2600, "eval_max": 0.5463307499885559, "eval_mse": 0.03183799205015696, "eval_mae": {"min": 0.13002624170621857}, "eval_rmse": 0.17843203762261126, "eval_r2": {"max": 0.6283200725410976}, "eval_stdev": 0.17880253285241968, "eval_stdev_error": 0.09457218092129308, "eval_qwk": {"max": 0.7430137283629064}, "eval_kappa": {"max": 0.31445170660856936}, "_wandb": {"runtime": 813}}