{"train_loss": 0.29843980073928833, "train_stdev": 0.09667280316352844, "train_rmse": 0.37615445256233215, "train_r2": 93.43335723876953, "stdev_factor": 0.4149730640893668, "_timestamp": 1660655136, "_runtime": 682, "_step": 2572, "eval_max": 0.7717664241790771, "eval_mse": 0.06322164092264532, "eval_mae": {"min": 0.17255466216010973}, "eval_rmse": 0.2514391395997157, "eval_r2": {"max": 0.39824027439625254}, "eval_stdev": 0.18871688304999776, "eval_stdev_error": 0.09764673964778378, "eval_qwk": {"max": 0.6257680872150644}, "eval_kappa": {"max": 0.4157973174366617}, "_wandb": {"runtime": 678}}