{"train_loss": 0.028195172548294067, "train_stdev": 0.028195172548294067, "train_rmse": 0.5395790338516235, "train_r2": 337.08221435546875, "stdev_factor": 1, "_timestamp": 1660574259, "_runtime": 28, "_step": 40, "eval_max": 0.9491559267044067, "eval_mse": 0.1564659080799512, "eval_mae": {"min": 0.33399683597963303}, "eval_rmse": 0.3955577177605706, "eval_r2": {"max": -1.5693184043918018}, "eval_stdev": 0.15696044015331506, "eval_stdev_error": 0.08981441097304566, "eval_qwk": {"max": -0.355421089177661}, "eval_kappa": {"max": -0.09107663953309775}}