{"train_loss": 0.060104548931121826, "_timestamp": 1654169578, "_runtime": 1125, "_step": 5899, "eval_max": 0.42439359426498413, "eval_mse": 0.034621918510469946, "eval_mae": 0.15348809177521616, "eval_rmse": 0.18606966037070619, "eval_r2": -0.6817744246287221, "eval_stddev": 0.041886576661389646, "_wandb": {"runtime": 1128}}