{"train_loss": 0.2514578104019165, "train_stdev": 0.09086821973323822, "train_rmse": 0.3185197114944458, "train_r2": 91.52713775634766, "stdev_factor": 0.44950873165397887, "_timestamp": 1660659959, "_runtime": 840, "_step": 2600, "eval_max": 0.5918416976928711, "eval_mse": 0.030210736734489665, "eval_mae": {"min": 0.12387110108102206}, "eval_rmse": 0.1738123607068544, "eval_r2": {"max": 0.643028645415979}, "eval_stdev": 0.1800243123122275, "eval_stdev_error": 0.08241493614512382, "eval_qwk": {"max": 0.74950344666433}, "eval_kappa": {"max": 0.4181818181818182}, "_wandb": {"runtime": 837}}