{"train_loss": 0.1753913015127182, "train_stdev": 0.0811895877122879, "train_rmse": 0.19558706879615784, "train_r2": 81.03644561767578, "stdev_factor": 0.44950873165397887, "_timestamp": 1660701753, "_runtime": 860, "_step": 2675, "eval_max": 0.4431127905845642, "eval_mse": 0.010529521349804656, "eval_mae": {"min": 0.07402877556160092}, "eval_rmse": 0.10261345598801677, "eval_r2": {"max": 0.5093541133754917}, "eval_stdev": 0.08737320595324247, "eval_stdev_error": 0.05602821234234742, "eval_qwk": {"max": 0.5912494494200558}, "eval_kappa": {"max": 0.2048973712639539}, "_wandb": {"runtime": 856}}