{"train_loss": 0.22820815443992615, "train_stdev": 0.08739334344863892, "train_rmse": 0.2798571288585663, "train_r2": 90.47811889648438, "stdev_factor": 0.44950873165397887, "_timestamp": 1660736575, "_runtime": 810, "_step": 2600, "eval_max": 0.6642593741416931, "eval_mse": 0.03150019739196, "eval_mae": {"min": 0.12594762141816318}, "eval_rmse": 0.1774829495809668, "eval_r2": {"max": 0.48842452475081155}, "eval_stdev": 0.1510243689211582, "eval_stdev_error": 0.08255990921038553, "eval_qwk": {"max": 0.6215816703621582}, "eval_kappa": {"max": 0.2661952990636346}, "_wandb": {"runtime": 807}}