{"train_loss": 0.01658576726913452, "train_stdev": 0.01658576726913452, "train_rmse": 0.42205139994621277, "train_r2": 162.10772705078125, "stdev_factor": 1, "_timestamp": 1656339803, "_runtime": 43, "_step": 146, "_wandb": {"runtime": 42}}