{"train_loss": NaN, "train_stdev": 0.0, "train_rmse": 0.3084438741207123, "train_r2": Infinity, "stdev_factor": 1.0, "_timestamp": 1656516506, "_runtime": 1928, "_step": 6246, "eval_max": 0.9998650067282142, "eval_mse": 0.050116288773181625, "eval_mae": 0.1596632523087279, "eval_rmse": 0.22386667633478108, "eval_r2": 0.5103016040546668, "eval_stdev": 0.2775015571495617, "eval_stdev_error": 0.042406450271441576, "_wandb": {"runtime": 1925}}