{"train_loss": 0.24682453274726868, "train_stdev": 0.06305693089962006, "train_rmse": 0.3268059492111206, "train_r2": 100.11470031738281, "stdev_factor": 0.44951622352860526, "_timestamp": 1660708439, "_runtime": 748, "_step": 2572, "eval_max": 0.5989666879177094, "eval_mse": 0.052869460022789055, "eval_mae": {"min": 0.16782745527098086}, "eval_rmse": 0.22993359916025552, "eval_r2": {"max": 0.3167722137594139}, "eval_stdev": 0.1910122923586001, "eval_stdev_error": 0.06562697716842228, "eval_qwk": {"max": 0.5761996161228407}, "eval_kappa": {"max": 0.3072760072158749}, "_wandb": {"runtime": 745}}