{"train_loss": 0.1939179003238678, "train_stdev": 0.04200209677219391, "train_rmse": 0.246277317404747, "train_r2": 102.41264343261719, "stdev_factor": 0.44950873165397887, "_timestamp": 1660661635, "_runtime": 844, "_step": 2625, "eval_max": 0.31612467765808105, "eval_mse": 0.01999774977823433, "eval_mae": {"min": 0.11518154281657189}, "eval_rmse": 0.1414134002781714, "eval_r2": {"max": 0.7048045338279538}, "eval_stdev": 0.1808769563279262, "eval_stdev_error": 0.07490786105327488, "eval_qwk": {"max": 0.700884660323819}, "eval_kappa": {"max": 0.14395236930103583}, "_wandb": {"runtime": 841}}