{"train_loss": 0.30276232957839966, "train_stdev": 0.05255468189716339, "train_rmse": 0.5572391152381897, "train_r2": 310.5123596191406, "stdev_factor": 0.6534726845736665, "_timestamp": 1656509176, "_runtime": 100, "_step": 261, "eval_max": 0.7762557715177536, "eval_mse": 0.3038991640283936, "eval_mae": 0.5355736698423114, "eval_rmse": 0.5512704998713369, "eval_r2": -20.256998794974614, "eval_stdev": 0.03711680091240278, "eval_stdev_error": 0.08245087251861138, "_wandb": {"runtime": 94}}