{"train_loss": 0.12324929982423782, "train_stdev": 0.018851101398468018, "train_rmse": 0.21382644772529602, "train_r2": 112.88905334472656, "stdev_factor": 0.6189814341766082, "_timestamp": 1660557546, "_runtime": 575, "_step": 1949, "eval_max": 0.2901225686073303, "eval_mse": 0.007869127729140932, "eval_mae": 0.07130580302327871, "eval_rmse": 0.08870810407815585, "eval_r2": 0.6125501959929902, "eval_stdev": 0.12867306167590764, "eval_stdev_error": 0.013840296725792622, "eval_qwk": 0.7238095238095238, "_wandb": {"runtime": 573}}