{"train_loss": 0.06754520535469055, "train_stdev": 0.008524112403392792, "train_rmse": 0.1236833706498146, "train_r2": 48.28023147583008, "stdev_factor": 0.4874829322141004, "_timestamp": 1656683504, "_runtime": 126, "_step": 700, "eval_max": 0.33568739891052246, "eval_mse": 0.029199655953872396, "eval_mae": 0.14344379305839539, "eval_rmse": 0.17087906821454873, "eval_r2": -0.902257880845839, "eval_stdev": 0.08977880830266832, "eval_stdev_error": 0.034116303290877115, "_wandb": {"runtime": 126}}