{"train_loss": 0.014089733362197876, "train_stdev": 0.014089733362197876, "train_rmse": 0.2088841199874878, "train_r2": 120.28108215332031, "stdev_factor": 1, "_timestamp": 1660558836, "_runtime": 32, "_step": 44, "eval_max": 0.7918455451726913, "eval_mse": 0.09426076987122192, "eval_mae": 0.25454431446269155, "eval_rmse": 0.3070191685729442, "eval_r2": -2.6290265324834947, "eval_stdev": 0.16071606595923635, "eval_stdev_error": 0.0004488178980557589, "eval_qwk": -0.6559160489072879}