{"train_loss": NaN, "train_stdev": 0.0, "train_rmse": 0.2692444920539856, "train_r2": Infinity, "stdev_factor": 1.0, "_timestamp": 1656516623, "_runtime": 96, "_step": 270, "eval_max": 0.9739548563957214, "eval_mse": 0.2944290091001349, "eval_mae": 0.46747096150793627, "eval_rmse": 0.5426131302319682, "eval_r2": -1.9620571144853094, "eval_stdev": 0.2758232472416376, "eval_stdev_error": 0.039454692960338655, "_wandb": {"runtime": 94}}