{"train_loss": 0.03118036687374115, "train_stdev": 0.03118036687374115, "train_rmse": 0.2884037494659424, "train_r2": 212.68360900878906, "stdev_factor": 1, "_timestamp": 1660562729, "_runtime": 30, "_step": 45, "eval_max": 0.9917368292808533, "eval_mse": 0.12683199948059776, "eval_mae": {"min": 0.26332946261391044}, "eval_rmse": 0.35613480520808094, "eval_r2": {"max": -4.229026870026461}, "eval_stdev": 0.1658018104764558, "eval_stdev_error": 0.010060443319606982, "eval_qwk": {"max": -0.4998097846762535}, "eval_kappa": {"max": -0.1032635983263599}}