{"train_loss": 0.01983117125928402, "_timestamp": 1654170101, "_runtime": 24, "_step": 240, "eval_max": 0.231105238199234, "eval_mse": 0.015769377822516195, "eval_mae": 0.10601762309670448, "eval_rmse": 0.12557618334109455, "eval_r2": -0.1736715677598737, "eval_stddev": 0.000790474122033651, "_wandb": {"runtime": 25}}