{"train_loss": 0.03849164769053459, "train_stdev": 0.03598774969577789, "train_rmse": 0.014201811514794827, "train_r2": 37.10964584350586, "stdev_factor": 0.4025273273332107, "_timestamp": 1656677028, "_runtime": 128, "_step": 700, "eval_max": 0.18029898405075073, "eval_mse": 0.008267056544789675, "eval_mae": 0.0819989949464798, "eval_rmse": 0.09092335533178302, "eval_r2": -0.25854306232970825, "eval_stdev": 0.05925959711240142, "eval_stdev_error": 0.021788237118329223, "_wandb": {"runtime": 126}}