{"train_loss": 0.14351250231266022, "train_stdev": 0.04117544740438461, "train_rmse": 0.16114813089370728, "train_r2": 94.18376922607422, "stdev_factor": 0.44950873165397887, "_timestamp": 1660695866, "_runtime": 846, "_step": 2650, "eval_max": 0.4186365604400635, "eval_mse": 0.011013293544881626, "eval_mae": {"min": 0.0763642720412463}, "eval_rmse": 0.1049442401701095, "eval_r2": {"max": 0.5168786952463498}, "eval_stdev": 0.08114077021473515, "eval_stdev_error": 0.06459953362545334, "eval_qwk": {"max": 0.6089294443539188}, "eval_kappa": {"max": 0.20888570404872808}, "_wandb": {"runtime": 842}}