{"train_loss": 0.08257748931646347, "train_stdev": 0.0057068318128585815, "train_rmse": 0.12577274441719055, "train_r2": 51.417694091796875, "stdev_factor": 0.35976284878480097, "_timestamp": 1656683911, "_runtime": 239, "_step": 1400, "eval_max": 0.5528740882873535, "eval_mse": 0.04099764814799496, "eval_mae": 0.15675767362117768, "eval_rmse": 0.2024787597453001, "eval_r2": -1.7666063167582866, "eval_stdev": 0.1088368025450941, "eval_stdev_error": 0.012895486869434453, "_wandb": {"runtime": 238}}