{"train_loss": 0.027629151940345764, "train_stdev": 0.027629151940345764, "train_rmse": 0.4418504536151886, "train_r2": 296.9845886230469, "stdev_factor": 1, "_timestamp": 1660575219, "_runtime": 48, "_step": 105, "eval_max": 0.9713264107704163, "eval_mse": 0.3461630255495842, "eval_mae": {"min": 0.35007571370806545}, "eval_rmse": 0.5883562063491675, "eval_r2": {"max": -1.7165522149589196}, "eval_stdev": 0.2304103100344215, "eval_stdev_error": 0.0227963584073069, "eval_qwk": {"max": -0.17456972251492808}, "eval_kappa": {"max": -0.017962429727135687}}