{"train_loss": 0.030735671520233154, "train_stdev": 0.030735671520233154, "train_rmse": 0.37854355573654175, "train_r2": 146.3097381591797, "stdev_factor": 1, "_timestamp": 1660567332, "_runtime": 45, "_step": 91, "eval_max": 0.9295548051595688, "eval_mse": 0.24120786006585648, "eval_mae": {"min": 0.3016382579226047}, "eval_rmse": 0.4911291684128082, "eval_r2": {"max": -1.4139287857751328}, "eval_stdev": 0.24358416077488934, "eval_stdev_error": 0.0071672740346704344, "eval_qwk": {"max": -0.1823173569101908}, "eval_kappa": {"max": 0.017794535952900703}}