{"train_loss": 0.21189646422863007, "train_stdev": 0.014146655797958374, "train_rmse": 0.3485891819000244, "train_r2": 120.0677719116211, "stdev_factor": 0.5274682174816749, "_timestamp": 1660565310, "_runtime": 590, "_step": 2500, "eval_max": 0.6156540885567665, "eval_mse": 0.039487374993987925, "eval_mae": {"min": 0.15479889063863084}, "eval_rmse": 0.19871430495560183, "eval_r2": {"max": 0.5146362095868681}, "eval_stdev": 0.23757338129961167, "eval_stdev_error": 0.0352060813630293, "eval_qwk": {"max": 0.5334199509167028}, "eval_kappa": {"max": 0.1705546915500259}, "_wandb": {"runtime": 586}}