{"train_loss": 0.20061665773391724, "train_stdev": 0.15166136622428894, "train_rmse": 0.15630216896533966, "train_r2": 63.30640411376953, "stdev_factor": 0, "_timestamp": 1660745197, "_runtime": 824, "_step": 2600, "eval_max": 0.4428085535764694, "eval_mse": 0.023852888582517582, "eval_mae": {"min": 0.11418450926430523}, "eval_rmse": 0.1544438039628576, "eval_r2": {"max": 0.07352494982188851}, "eval_stdev": 0.004274252617868822, "eval_stdev_error": 0.15279974158356519, "eval_qwk": {"max": 0.0}, "eval_kappa": {"max": 0.0321015836781281}, "_wandb": {"runtime": 820}}