{"train_loss": 0.14680145680904388, "train_stdev": 0.0015722662210464478, "train_rmse": 0.3776296079158783, "train_r2": 9.032362937927246, "stdev_factor": 0.6201966764421231, "_timestamp": 1656491466, "_runtime": 106, "_step": 263, "eval_max": 0.9960687160491943, "eval_mse": 0.31996868102242687, "eval_mae": 0.487258154546949, "eval_rmse": 0.5656577419450978, "eval_r2": -2.281769620223407, "eval_stdev": 0.3081058527058864, "eval_stdev_error": 0.004142165278028798, "_wandb": {"runtime": 104}}