{"train_loss": 0.18014401197433472, "train_stdev": 0.009854286909103394, "train_rmse": 0.2854537069797516, "train_r2": 121.10356140136719, "stdev_factor": 0.5274611846189943, "_timestamp": 1660575984, "_runtime": 757, "_step": 2600, "eval_max": 0.6846691370010376, "eval_mse": 0.03196404641456561, "eval_mae": {"min": 0.1287277307419572}, "eval_rmse": 0.1787849166304742, "eval_r2": {"max": 0.6007225341932589}, "eval_stdev": 0.2578959959998834, "eval_stdev_error": 0.01584825158522568, "eval_qwk": {"max": 0.6928854579595243}, "eval_kappa": {"max": 0.2864592699154829}, "_wandb": {"runtime": 754}}