{"train_loss": 0.08679312467575073, "train_stdev": 0.055976856499910355, "train_rmse": 0.0957321748137474, "train_r2": 30.61924934387207, "stdev_factor": 0.22485178049050059, "_timestamp": 1656684607, "_runtime": 245, "_step": 1400, "eval_max": 0.1899699568748474, "eval_mse": 0.01101479082271144, "eval_mae": 0.09116497933864594, "eval_rmse": 0.10495137361040797, "eval_r2": -0.010531244929843364, "eval_stdev": 0.030649806371601026, "eval_stdev_error": 0.07375325991641446, "_wandb": {"runtime": 245}}