{"train_loss": 0.2973071038722992, "train_stdev": 0.3019764721393585, "train_rmse": 0.0919666737318039, "train_r2": 63.00640106201172, "stdev_factor": 0.9718552677535192, "_timestamp": 1656577802, "_runtime": 371, "_step": 1173, "eval_max": 0.5048460066318512, "eval_mse": 0.10261615948668305, "eval_mae": 0.2707254387238371, "eval_rmse": 0.32033757114438366, "eval_r2": -0.010238376510516733, "eval_stdev": 0.0012089201618636863, "eval_stdev_error": 0.3175012683600115}