{"train_loss": 0.158321350812912, "train_stdev": 0.06344646960496902, "train_rmse": 0.17602886259555817, "train_r2": 85.37638092041016, "stdev_factor": 0.44950873165397887, "_timestamp": 1660695015, "_runtime": 806, "_step": 2600, "eval_max": 0.44180572032928467, "eval_mse": 0.010591389265152384, "eval_mae": {"min": 0.07716752123087645}, "eval_rmse": 0.10291447548888535, "eval_r2": {"max": 0.5093340091940001}, "eval_stdev": 0.08473404006723133, "eval_stdev_error": 0.06050284230891863, "eval_qwk": {"max": 0.5730337078651686}, "eval_kappa": {"max": 0.15915915915915912}, "_wandb": {"runtime": 803}}