{"train_loss": 0.23379062116146088, "train_stdev": 0.06586208939552307, "train_rmse": 0.3017192482948303, "train_r2": 98.84999084472656, "stdev_factor": 0.44950873165397887, "_timestamp": 1660719080, "_runtime": 800, "_step": 2600, "eval_max": 0.4990854263305664, "eval_mse": 0.025012643884598965, "eval_mae": {"min": 0.11729166912846267}, "eval_rmse": 0.15815386142803775, "eval_r2": {"max": 0.6368034086285961}, "eval_stdev": 0.1686816235915672, "eval_stdev_error": 0.08131074689748269, "eval_qwk": {"max": 0.7360548021809031}, "eval_kappa": {"max": 0.3957600205990902}, "_wandb": {"runtime": 798}}