{"train_loss": 0.15629622340202332, "train_stdev": 0.05209064483642578, "train_rmse": 0.17804838716983795, "train_r2": 90.482666015625, "stdev_factor": 0.44950873165397887, "_timestamp": 1660698428, "_runtime": 845, "_step": 2650, "eval_max": 0.2778588682413101, "eval_mse": 0.011669146088646977, "eval_mae": {"min": 0.08280421490781009}, "eval_rmse": 0.10802382185725043, "eval_r2": {"max": 0.5027033912937723}, "eval_stdev": 0.08447820374120998, "eval_stdev_error": 0.06600929278461709, "eval_qwk": {"max": 0.6}, "eval_kappa": {"max": 0.2192236598890943}, "_wandb": {"runtime": 843}}