{"train_loss": 0.0968819335103035, "train_stdev": 0.023567602038383484, "train_rmse": 0.13386443257331848, "train_r2": 47.1519660949707, "stdev_factor": 0.33529970212520366, "_timestamp": 1656687435, "_runtime": 247, "_step": 1400, "eval_max": 0.33786821365356445, "eval_mse": 0.0281660772500258, "eval_mae": 0.1301271826028824, "eval_rmse": 0.1678275223258265, "eval_r2": -0.679050785679401, "eval_stdev": 0.08097771542815525, "eval_stdev_error": 0.048540623778055444, "_wandb": {"runtime": 246}}