{"train_loss": 0.15274012088775635, "train_stdev": 0.043195515871047974, "train_rmse": 0.20634610950946808, "train_r2": 98.10108947753906, "stdev_factor": 0.5274611846189943, "_timestamp": 1660561470, "_runtime": 768, "_step": 2600, "eval_max": 0.24696874618530273, "eval_mse": 0.008299888079462086, "eval_mae": {"min": 0.0705890076351352}, "eval_rmse": 0.09110372154562121, "eval_r2": {"max": 0.6929018735982599}, "eval_stdev": 0.13111413826630539, "eval_stdev_error": 0.031714175966191444, "eval_qwk": {"max": 0.7945904427497669}, "eval_kappa": {"max": 0.19604798870853912}, "_wandb": {"runtime": 765}}