{"train_loss": 0.016534745693206787, "train_stdev": 0.016534745693206787, "train_rmse": 0.461565762758255, "train_r2": 503.5892028808594, "stdev_factor": 1, "_timestamp": 1660556874, "_runtime": 33, "_step": 43, "eval_max": 0.5801050364971161, "eval_mse": 0.1483465593359662, "eval_mae": 0.37114074935379904, "eval_rmse": 0.3851578369136038, "eval_r2": -6.192773673987347, "eval_stdev": 0.14162286492357903, "eval_stdev_error": 0.0019890725888701277, "eval_qwk": 0.11995458755340449}