{"train_loss": 0.30498063564300537, "train_stdev": 0.30498063564300537, "train_rmse": 0.3236042261123657, "train_r2": 70.6148452758789, "stdev_factor": 1.0, "_timestamp": 1656581455, "_runtime": 23, "_step": 5}