{"train_loss": 0.03878885507583618, "train_stdev": 0.03878885507583618, "train_rmse": 0.22161127626895905, "train_r2": 183.15536499023438, "stdev_factor": 1, "_timestamp": 1660558876, "_runtime": 32, "_step": 43, "eval_max": 0.9923997521400452, "eval_mse": 0.07568153587506324, "eval_mae": 0.22886008932255208, "eval_rmse": 0.27510277329584165, "eval_r2": -2.538010107106979, "eval_stdev": 0.13668954380437828, "eval_stdev_error": 0.009567042944183396, "eval_qwk": -0.6524673670805476}