{"train_loss": 0.1796066164970398, "train_stdev": 0.07040254771709442, "train_rmse": 0.2079356461763382, "train_r2": 86.9179458618164, "stdev_factor": 0.44950873165397887, "_timestamp": 1660686775, "_runtime": 879, "_step": 2650, "eval_max": 0.2843407988548279, "eval_mse": 0.009684654803330516, "eval_mae": {"min": 0.07134257222060114}, "eval_rmse": 0.09841064375020883, "eval_r2": {"max": 0.6897047196506152}, "eval_stdev": 0.09908160154825624, "eval_stdev_error": 0.06567881453954846, "eval_qwk": {"max": 0.7824773413897281}, "eval_kappa": {"max": 0.3060620995564317}, "_wandb": {"runtime": 876}}