{"train_loss": 0.12721186876296997, "train_stdev": 0.02196601778268814, "train_rmse": 0.15294627845287323, "train_r2": 105.92625427246094, "stdev_factor": 0.48692751831744874, "_timestamp": 1660562648, "_runtime": 761, "_step": 2600, "eval_max": 0.26688939332962036, "eval_mse": 0.0074447054171878305, "eval_mae": {"min": 0.06665472069289535}, "eval_rmse": 0.08628270636221276, "eval_r2": {"max": 0.6718466275480262}, "eval_stdev": 0.10794820367485658, "eval_stdev_error": 0.04100648335093854, "eval_qwk": {"max": 0.7828459493493773}, "eval_kappa": {"max": 0.23241187655404416}, "_wandb": {"runtime": 759}}