{"train_loss": 0.1449478268623352, "train_stdev": 0.02329440414905548, "train_rmse": 0.20424394309520721, "train_r2": 109.28126525878906, "stdev_factor": 0.5274611846189943, "_timestamp": 1660563540, "_runtime": 762, "_step": 2600, "eval_max": 0.24022315442562103, "eval_mse": 0.011047974998431376, "eval_mae": {"min": 0.07857486396096647}, "eval_rmse": 0.1051093478166018, "eval_r2": {"max": 0.4893814162551161}, "eval_stdev": 0.11577667651592588, "eval_stdev_error": 0.02992174271276274, "eval_qwk": {"max": 0.5756845186843464}, "eval_kappa": {"max": 0.2227204783258595}, "_wandb": {"runtime": 760}}