{"train_loss": 0.051821269094944, "train_stdev": 0.028457939624786377, "train_rmse": 0.02280699647963047, "train_r2": 73.56978607177734, "stdev_factor": 0.4904166220759061, "_timestamp": 1656676296, "_runtime": 36, "_step": 140, "eval_max": 0.24538427591323853, "eval_mse": 0.01924572516165246, "eval_mae": 0.12268980294466018, "eval_rmse": 0.1387289629516939, "eval_r2": -1.0583659495435773, "eval_stdev": 0.09947819821335789, "eval_stdev_error": 0.0027827913078895122, "_wandb": {"runtime": 34}}