{"train_loss": 0.007568776607513428, "train_stdev": 0.007568776607513428, "train_rmse": 0.5235797762870789, "train_r2": 168.7770538330078, "stdev_factor": 1.0, "_timestamp": 1656410425, "_runtime": 353, "_step": 1123, "eval_max": 0.9999098777770996, "eval_mse": 0.3437679777200874, "eval_mae": 0.5052075762135715, "eval_rmse": 0.586317301228684, "eval_r2": -2.5143138593996115, "eval_stdev": 0.3140065203818832, "eval_stdev_error": 0.0012456327236995413}