{"train_loss": 0.01583343744277954, "train_stdev": 0.01583343744277954, "train_rmse": 0.49734780192375183, "train_r2": 145.65843200683594, "stdev_factor": 1.0, "_timestamp": 1656508955, "_runtime": 104, "_step": 283, "eval_max": 0.9873631596565247, "eval_mse": 0.33818278858320444, "eval_mae": 0.5094946355413985, "eval_rmse": 0.5815348558626597, "eval_r2": -2.2199026963852115, "eval_stdev": 0.30407922125827463, "eval_stdev_error": 0.02000238043632091}