{"train_loss": 0.2504233121871948, "train_stdev": 0.010838478803634644, "train_rmse": 0.3589460551738739, "train_r2": 124.454833984375, "stdev_factor": 0.44951622352860526, "_timestamp": 1660646580, "_runtime": 315, "_step": 2500, "eval_max": 0.6526824831962585, "eval_mse": 0.051034791406399355, "eval_mae": {"min": 0.18610687193540798}, "eval_rmse": 0.22590881214861752, "eval_r2": {"max": 0.3418956523668746}, "eval_stdev": 0.2538922011139399, "eval_stdev_error": 0.02249320084358597, "eval_qwk": {"max": 0.688949522510232}, "eval_kappa": {"max": 0.36633663366336633}, "_wandb": {"runtime": 311}}