{"train_loss": 0.13933640718460083, "train_stdev": 0.08601517975330353, "train_rmse": 0.163258895277977, "train_r2": 85.38255310058594, "stdev_factor": 0.3097012423463996, "_timestamp": 1656685417, "_runtime": 222, "_step": 800, "eval_max": 0.36470019817352295, "eval_mse": 0.018577889154530604, "eval_mae": 0.10857301056385041, "eval_rmse": 0.13630073057225556, "eval_r2": -1.4068519572245215, "eval_stdev": 0.09955166873967566, "eval_stdev_error": 0.011695250343977115, "_wandb": {"runtime": 223}}