{"train_loss": 0.10096744447946548, "train_stdev": 7.658451795578003e-05, "train_rmse": 0.15850961208343506, "train_r2": 53.64543914794922, "stdev_factor": 0.36319556354940574, "_timestamp": 1656686273, "_runtime": 243, "_step": 1400, "eval_max": 0.34395676851272583, "eval_mse": 0.024753568798317183, "eval_mae": 0.12304756343364716, "eval_rmse": 0.15733266920228992, "eval_r2": -1.683313607654679, "eval_stdev": 0.08675571799385245, "eval_stdev_error": 0.009291147057030463, "_wandb": {"runtime": 243}}