{"train_loss": 0.009835667908191681, "train_stdev": 0.004301533102989197, "train_rmse": 0.20496109127998352, "train_r2": 126.51762390136719, "stdev_factor": 0.9808654350779136, "_timestamp": 1660558795, "_runtime": 187, "_step": 591, "eval_max": 0.9877420663833618, "eval_mse": 0.075950318352309, "eval_mae": 0.2274507200345397, "eval_rmse": 0.27559085317243204, "eval_r2": -2.8369772479779507, "eval_stdev": 0.1561133941740778, "eval_stdev_error": 0.015421140215576723, "eval_qwk": -0.6063382025253776}