{"train_loss": Infinity, "train_stdev": 0.0, "train_rmse": 0.25065526366233826, "train_r2": Infinity, "stdev_factor": 0.48852548626458936, "_timestamp": 1656518717, "_runtime": 51, "_step": 230, "eval_max": 0.3999217748641968, "eval_mse": 0.060214511780688075, "eval_mae": 0.21748760981219156, "eval_rmse": 0.24538645394701003, "eval_r2": -3.211856944241153, "eval_stdev": 0.001434511902903227, "eval_stdev_error": 0.11813316152811093, "_wandb": {"runtime": 49}}