{"train_loss": 0.24300771951675415, "train_stdev": 0.08830569684505463, "train_rmse": 0.30490347743034363, "train_r2": 92.0394287109375, "stdev_factor": 0.44950873165397887, "_timestamp": 1660729423, "_runtime": 838, "_step": 2650, "eval_max": 0.46085023880004883, "eval_mse": 0.026923444618852863, "eval_mae": {"min": 0.1110720452707028}, "eval_rmse": 0.16408365128449837, "eval_r2": {"max": 0.6836526284468987}, "eval_stdev": 0.16923943662552518, "eval_stdev_error": 0.0846367635193486, "eval_qwk": {"max": 0.786833855799373}, "eval_kappa": {"max": 0.46061231510147915}, "_wandb": {"runtime": 834}}