{"train_loss": 0.19404785335063934, "train_stdev": 0.07090005278587341, "train_rmse": 0.23219162225723267, "train_r2": 89.1766586303711, "stdev_factor": 0.44953325098077196, "_timestamp": 1660739720, "_runtime": 712, "_step": 2300, "eval_max": 0.449265718460083, "eval_mse": 0.02015775098722221, "eval_mae": {"min": 0.10572752077132463}, "eval_rmse": 0.1419779947288389, "eval_r2": {"max": 0.45058632101592855}, "eval_stdev": 0.12985877752251374, "eval_stdev_error": 0.06168643599822668, "eval_qwk": {"max": 0.666095108438095}, "eval_kappa": {"max": 0.1325426821321517}, "_wandb": {"runtime": 709}}