{"train_loss": NaN, "train_stdev": 0.0, "train_rmse": 0.07756119966506958, "train_r2": Infinity, "stdev_factor": 1.0, "_timestamp": 1656507792, "_runtime": 15290, "_step": 49821, "eval_max": 0.9967145556584001, "eval_mse": 0.05183995869811104, "eval_mae": 0.1538124118356049, "eval_rmse": 0.22768390083207693, "eval_r2": 0.4878871751032299, "eval_stdev": 0.31157645886986446, "eval_stdev_error": 0.0065864124735402485, "_wandb": {"runtime": 15288}}