{"train_loss": Infinity, "train_stdev": 0.0, "train_rmse": 0.3020036220550537, "train_r2": Infinity, "stdev_factor": 0.6358915349437808, "_timestamp": 1656587023, "_runtime": 97, "_step": 270, "eval_max": 0.9948262572288513, "eval_mse": 0.31836792616597787, "eval_mae": 0.48869398952543414, "eval_rmse": 0.5642410177982259, "eval_r2": -2.136113902671214, "eval_stdev": 0.2936553976141465, "eval_stdev_error": 0.024961452898806247, "_wandb": {"runtime": 96}}