{"train_loss": 0.008478030562400818, "train_stdev": 0.008478030562400818, "train_rmse": 0.4433979094028473, "train_r2": 679.369140625, "stdev_factor": 1, "_timestamp": 1660556914, "_runtime": 31, "_step": 38, "eval_max": 0.7688203752040863, "eval_mse": 0.17063108816331607, "eval_mae": 0.3960690135245386, "eval_rmse": 0.41307516042884507, "eval_r2": -6.056794945788902, "eval_stdev": 0.14824984337068825, "eval_stdev_error": 0.007248344119889838, "eval_qwk": 0.11996638609902543}