{"train_loss": 0.07427553832530975, "train_stdev": 0.017902091145515442, "train_rmse": 0.09629131108522415, "train_r2": 43.84727478027344, "stdev_factor": 0.31894694268781826, "_timestamp": 1656689312, "_runtime": 244, "_step": 1400, "eval_max": 0.23498541116714478, "eval_mse": 0.012484750976625315, "eval_mae": 0.09072349369525909, "eval_rmse": 0.11173518235822284, "eval_r2": -0.2772123278396692, "eval_stdev": 0.055216686841771466, "eval_stdev_error": 0.04365191469354412, "_wandb": {"runtime": 243}}