{"train_loss": 0.16853603720664978, "train_stdev": 0.06916188448667526, "train_rmse": 0.19049707055091858, "train_r2": 84.54835510253906, "stdev_factor": 0.44950873165397887, "_timestamp": 1660699240, "_runtime": 806, "_step": 2600, "eval_max": 0.3527738153934479, "eval_mse": 0.011009135069040964, "eval_mae": {"min": 0.07450994104146957}, "eval_rmse": 0.10492442551208447, "eval_r2": {"max": 0.6155371321887486}, "eval_stdev": 0.09529739107795933, "eval_stdev_error": 0.06544278630914034, "eval_qwk": {"max": 0.6628079548827546}, "eval_kappa": {"max": 0.21846098590284635}, "_wandb": {"runtime": 803}}