{"train_loss": 0.019263043999671936, "train_stdev": 0.019263043999671936, "train_rmse": 0.2163739651441574, "train_r2": 162.05271911621094, "stdev_factor": 1, "_timestamp": 1660556963, "_runtime": 41, "_step": 77, "eval_max": 0.9933106899261475, "eval_mse": 0.09402452587949608, "eval_mae": 0.247756517957896, "eval_rmse": 0.3066341890257772, "eval_r2": -2.625810016969718, "eval_stdev": 0.15482004427649151, "eval_stdev_error": 0.006214131162357056, "eval_qwk": -0.6410690658904472}