{"train_loss": 0.22476881742477417, "train_stdev": 0.04201054573059082, "train_rmse": 0.3520815074443817, "train_r2": 109.55320739746094, "stdev_factor": 0.5274611846189943, "_timestamp": 1660568114, "_runtime": 759, "_step": 2600, "eval_max": 0.5234690308570862, "eval_mse": 0.026658819449931506, "eval_mae": {"min": 0.12469414918450639}, "eval_rmse": 0.1632752873215402, "eval_r2": {"max": 0.6224612522855343}, "eval_stdev": 0.2008610455060212, "eval_stdev_error": 0.06372071788950154, "eval_qwk": {"max": 0.6972330711260245}, "eval_kappa": {"max": 0.2789329798691078}, "_wandb": {"runtime": 756}}