{"train_loss": 0.2935386896133423, "train_stdev": 0.019594013690948486, "train_rmse": 0.46319323778152466, "train_r2": 304.315673828125, "stdev_factor": 0.5827958256016357, "_timestamp": 1656348060, "_runtime": 3229, "_step": 7399, "eval_max": 0.5477899312973022, "eval_mse": 0.06826008588622427, "eval_mae": 0.2161097978005569, "eval_rmse": 0.26126631219164914, "eval_r2": -0.18083974592503016, "eval_stdev": 0.00244846921873239, "eval_stdev_error": 0.23798113075901706, "_wandb": {"runtime": 3228}}