{"train_loss": 0.16977743804454803, "train_stdev": 0.0648411437869072, "train_rmse": 0.19462521374225616, "train_r2": 86.91275787353516, "stdev_factor": 0.44950873165397887, "_timestamp": 1660687587, "_runtime": 806, "_step": 2600, "eval_max": 0.29275619983673096, "eval_mse": 0.01017374400164752, "eval_mae": {"min": 0.07203470822423697}, "eval_rmse": 0.10086497906432897, "eval_r2": {"max": 0.6482030489632253}, "eval_stdev": 0.07911994781159991, "eval_stdev_error": 0.07368583668159463, "eval_qwk": {"max": 0.7407313632582198}, "eval_kappa": {"max": 0.25402811107302026}, "_wandb": {"runtime": 804}}