{"train_loss": 0.2583470046520233, "train_stdev": 0.07538802921772003, "train_rmse": 0.33989185094833374, "train_r2": 96.93788146972656, "stdev_factor": 0.44951622352860526, "_timestamp": 1660709179, "_runtime": 735, "_step": 2548, "eval_max": 0.6256807446479797, "eval_mse": 0.05914093199811799, "eval_mae": {"min": 0.16808323079021648}, "eval_rmse": 0.2431890869223329, "eval_r2": {"max": 0.3606575045632332}, "eval_stdev": 0.17344010533652, "eval_stdev_error": 0.09078978751691796, "eval_qwk": {"max": 0.5564795564795565}, "eval_kappa": {"max": 0.31020968058005094}, "_wandb": {"runtime": 732}}