{"train_loss": 0.20443186163902283, "train_stdev": 0.08040224015712738, "train_rmse": 0.24447166919708252, "train_r2": 87.49677276611328, "stdev_factor": 0.44953325098077196, "_timestamp": 1660740436, "_runtime": 711, "_step": 2300, "eval_max": 0.3220314085483551, "eval_mse": 0.01603190895499145, "eval_mae": {"min": 0.09566248650662601}, "eval_rmse": 0.12661717480259718, "eval_r2": {"max": 0.6943656880658552}, "eval_stdev": 0.1452501454373576, "eval_stdev_error": 0.0755334575890238, "eval_qwk": {"max": 0.824882011560084}, "eval_kappa": {"max": 0.14133124918587991}, "_wandb": {"runtime": 709}}