{"train_loss": 0.029273897409439087, "train_stdev": 0.029273897409439087, "train_rmse": 0.33985814452171326, "train_r2": 130.68170166015625, "stdev_factor": 1, "_timestamp": 1660576045, "_runtime": 26, "_step": 32, "eval_max": 0.9558510184288025, "eval_mse": 0.16352438683673656, "eval_mae": {"min": 0.3395269898464903}, "eval_rmse": 0.40438148676310165, "eval_r2": {"max": -1.576138032627973}, "eval_stdev": 0.1664389667520123, "eval_stdev_error": 0.08550658788231735, "eval_qwk": {"max": -0.39743589743589736}, "eval_kappa": {"max": -0.12039312039312033}}