{"train_loss": 0.261074960231781, "train_stdev": 0.07522755861282349, "train_rmse": 0.3445838987827301, "train_r2": 97.50148010253906, "stdev_factor": 0.44951622352860526, "_timestamp": 1660703270, "_runtime": 700, "_step": 2500, "eval_max": 0.5792702734470367, "eval_mse": 0.04713734511227395, "eval_mae": {"min": 0.17141258116180325}, "eval_rmse": 0.21711136569114467, "eval_r2": {"max": 0.43954258938581847}, "eval_stdev": 0.20289951371076934, "eval_stdev_error": 0.07542974310092096, "eval_qwk": {"max": 0.56791104050834}, "eval_kappa": {"max": 0.26971565289408306}, "_wandb": {"runtime": 697}}