{"train_loss": 0.172209694981575, "train_stdev": 0.006668031215667725, "train_rmse": 0.264769583940506, "train_r2": 131.74627685546875, "stdev_factor": 0.5274611846189943, "_timestamp": 1660575088, "_runtime": 773, "_step": 2600, "eval_max": 0.49454694986343384, "eval_mse": 0.029942921802206427, "eval_mae": {"min": 0.123418643779587}, "eval_rmse": 0.1730402317445467, "eval_r2": {"max": 0.39109582515824803}, "eval_stdev": 0.16289746496117594, "eval_stdev_error": 0.03335029577445642, "eval_qwk": {"max": 0.6839687643546164}, "eval_kappa": {"max": 0.33175130517323204}, "_wandb": {"runtime": 770}}