{"train_loss": NaN, "train_stdev": 0.01870984211564064, "train_rmse": 0.41101500391960144, "train_r2": Infinity, "stdev_factor": 1.0, "_timestamp": 1656665094, "_runtime": 41, "_step": 310, "eval_max": 0.7562185637652874, "eval_mse": 0.21756263820733504, "eval_mae": 0.4100210132698218, "eval_rmse": 0.46643610302734395, "eval_r2": -15.764243677480206, "eval_stdev": 0.15292204311256158, "eval_stdev_error": 0.039001990779832726, "_wandb": {"runtime": 39}}