{"train_loss": 0.042294230312108994, "train_stdev": 0.014028146862983704, "train_rmse": 0.02176259085536003, "train_r2": 56.53567123413086, "stdev_factor": 0.4025273273332107, "_timestamp": 1656677198, "_runtime": 129, "_step": 700, "eval_max": 0.38903942704200745, "eval_mse": 0.02240391327590747, "eval_mae": 0.12024449855089188, "eval_rmse": 0.14967936823726732, "eval_r2": -0.952410646147914, "eval_stdev": 0.08076178442225754, "eval_stdev_error": 0.026359644662798054, "_wandb": {"runtime": 126}}