{"train_loss": 0.15203902125358582, "train_stdev": 0.06953160464763641, "train_rmse": 0.16308744251728058, "train_r2": 80.4625473022461, "stdev_factor": 0.44950873165397887, "_timestamp": 1660691717, "_runtime": 806, "_step": 2600, "eval_max": 0.28598612546920776, "eval_mse": 0.009980040526056905, "eval_mae": {"min": 0.07304584013763815}, "eval_rmse": 0.09990015278295077, "eval_r2": {"max": 0.6135492308602402}, "eval_stdev": 0.08547531004235664, "eval_stdev_error": 0.06635072814517912, "eval_qwk": {"max": 0.7340434116033245}, "eval_kappa": {"max": 0.24471732716689254}, "_wandb": {"runtime": 803}}