{"train_loss": 0.4157925248146057, "train_stdev": 0.24617722630500793, "train_rmse": 0.6637468934059143, "train_r2": 464.25299072265625, "stdev_factor": 0.7715762891421566, "_timestamp": 1656407567, "_runtime": 1108, "_step": 2806, "eval_max": 1.0, "eval_mse": 0.39881313865898405, "eval_mae": 0.5807815060732467, "eval_rmse": 0.6315165387058237, "eval_r2": -5.484135901385093, "eval_stdev": 9.034562783056659e-21, "eval_stdev_error": 0.24800399364178666}