{"train_loss": 0.24245651066303253, "train_stdev": 0.0815201997756958, "train_rmse": 0.30895373225212097, "train_r2": 92.73833465576172, "stdev_factor": 0.44950873165397887, "_timestamp": 1660664308, "_runtime": 822, "_step": 2600, "eval_max": 0.5007306337356567, "eval_mse": 0.026421811117572414, "eval_mae": {"min": 0.12699993420392275}, "eval_rmse": 0.16254787330990342, "eval_r2": {"max": 0.5754720584876458}, "eval_stdev": 0.15341088077923928, "eval_stdev_error": 0.0904013984239099, "eval_qwk": {"max": 0.7391571824054137}, "eval_kappa": {"max": 0.3952389605669635}, "_wandb": {"runtime": 819}}