{"train_loss": 0.02755793184041977, "train_stdev": 0.0037703514099121094, "train_rmse": 0.014667268842458725, "train_r2": 50.73760986328125, "stdev_factor": 0.4874829322141004, "_timestamp": 1656681818, "_runtime": 129, "_step": 700, "eval_max": 0.22426652908325195, "eval_mse": 0.014266470078320914, "eval_mae": 0.10086672604084015, "eval_rmse": 0.1194423295080974, "eval_r2": -0.6983889672397108, "eval_stdev": 0.09445375543534412, "eval_stdev_error": 0.002802232691602416, "_wandb": {"runtime": 128}}