{"train_loss": 0.12804272770881653, "train_stdev": 0.00209103524684906, "train_rmse": 0.3435428738594055, "train_r2": 31.452075958251953, "stdev_factor": 0.6534726845736665, "_timestamp": 1656509060, "_runtime": 95, "_step": 261, "eval_max": 0.7284274399280548, "eval_mse": 0.23428714034017326, "eval_mae": 0.4661761713879449, "eval_rmse": 0.4840321687038716, "eval_r2": -15.387809014913255, "eval_stdev": 0.04603892761397526, "eval_stdev_error": 0.07352874581703889, "_wandb": {"runtime": 94}}