{"train_loss": 0.27877122163772583, "train_stdev": 0.06555485725402832, "train_rmse": 0.3813794255256653, "train_r2": 102.14403533935547, "stdev_factor": 0.44951622352860526, "_timestamp": 1660648035, "_runtime": 639, "_step": 2524, "eval_max": 0.8548917174339294, "eval_mse": 0.051236920900259886, "eval_mae": {"min": 0.15740195198310403}, "eval_rmse": 0.22635573971132228, "eval_r2": {"max": 0.597116252838664}, "eval_stdev": 0.22202166638446197, "eval_stdev_error": 0.09696483654852994, "eval_qwk": {"max": 0.746279037418278}, "eval_kappa": {"max": 0.43661971830985913}, "_wandb": {"runtime": 635}}