{"train_loss": 0.21120312809944153, "train_stdev": 0.04678018391132355, "train_rmse": 0.2738840579986572, "train_r2": 102.25735473632812, "stdev_factor": 0.44950873165397887, "_timestamp": 1660726831, "_runtime": 803, "_step": 2600, "eval_max": 0.5222388505935669, "eval_mse": 0.02770026303920036, "eval_mae": {"min": 0.11419001907415804}, "eval_rmse": 0.16643395999374755, "eval_r2": {"max": 0.6285265757422662}, "eval_stdev": 0.16373839654337252, "eval_stdev_error": 0.08319098828911353, "eval_qwk": {"max": 0.765179856115108}, "eval_kappa": {"max": 0.4997394476289734}, "_wandb": {"runtime": 800}}