{"train_loss": 0.2430844008922577, "train_stdev": 0.09015063941478729, "train_rmse": 0.30497831106185913, "train_r2": 89.9793930053711, "stdev_factor": 0.44950873165397887, "_timestamp": 1660726014, "_runtime": 814, "_step": 2600, "eval_max": 0.5874715447425842, "eval_mse": 0.042385360414304005, "eval_mae": {"min": 0.11946438382437918}, "eval_rmse": 0.20587705169421872, "eval_r2": {"max": 0.5606326858489685}, "eval_stdev": 0.1508788499889662, "eval_stdev_error": 0.08398392369161839, "eval_qwk": {"max": 0.7328070441779262}, "eval_kappa": {"max": 0.4854945823138763}, "_wandb": {"runtime": 792}}