{"train_loss": 0.12562406063079834, "train_stdev": 0.12562406063079834, "train_rmse": 0.5897274017333984, "train_r2": 214.07525634765625, "stdev_factor": 1, "_timestamp": 1660566171, "_runtime": 30, "_step": 52, "eval_max": 0.9996487745665945, "eval_mse": 0.31481501455026867, "eval_mae": {"min": 0.42937211343087256}, "eval_rmse": 0.5610837856775659, "eval_r2": {"max": -1.4059140780084083}, "eval_stdev": 0.24037330809331806, "eval_stdev_error": 0.07676886409241682, "eval_qwk": {"max": -0.13206415829710694}, "eval_kappa": {"max": -0.021330383946911002}}