{"train_loss": 0.24827775359153748, "train_stdev": 0.06579285860061646, "train_rmse": 0.32723933458328247, "train_r2": 100.06874084472656, "stdev_factor": 0.44950873165397887, "_timestamp": 1660665133, "_runtime": 820, "_step": 2600, "eval_max": 0.6428787708282471, "eval_mse": 0.04057097126401593, "eval_mae": {"min": 0.15568383995559998}, "eval_rmse": 0.20142237031674493, "eval_r2": {"max": 0.4029378699557893}, "eval_stdev": 0.14948569071434623, "eval_stdev_error": 0.10002555026489302, "eval_qwk": {"max": 0.6496350364963503}, "eval_kappa": {"max": 0.2431813847034141}, "_wandb": {"runtime": 817}}