{"train_loss": 0.15887460112571716, "train_stdev": 0.07657617330551147, "train_rmse": 0.2328658252954483, "train_r2": 5.812988758087158, "stdev_factor": 0.4867854447452102, "_timestamp": 1656675834, "_runtime": 9376, "_step": 13300, "eval_max": 0.9995298368739896, "eval_mse": 0.041968735504150395, "eval_mae": 0.14920698273710434, "eval_rmse": 0.2048627235593396, "eval_r2": 0.591807096166674, "eval_stdev": 0.25036521531160183, "eval_stdev_error": 0.0702840261790324, "_wandb": {"runtime": 9374}}