{"train_loss": 0.07491226494312286, "train_stdev": 0.036911237984895706, "train_rmse": 0.08911029994487762, "train_r2": 35.983909606933594, "stdev_factor": 0.31894694268781826, "_timestamp": 1656688587, "_runtime": 246, "_step": 1400, "eval_max": 0.28990766406059265, "eval_mse": 0.012362267953845717, "eval_mae": 0.08043389767408371, "eval_rmse": 0.11118573628773484, "eval_r2": -0.06113887635805271, "eval_stdev": 0.03163616903658298, "eval_stdev_error": 0.07629899688131181, "_wandb": {"runtime": 246}}