{"train_loss": 0.054839007556438446, "train_stdev": 0.010641634464263916, "train_rmse": 0.2113039642572403, "train_r2": 138.60595703125, "stdev_factor": 0.8515304662608252, "_timestamp": 1660558600, "_runtime": 339, "_step": 1117, "eval_max": 0.9859409928321838, "eval_mse": 0.07638049586575846, "eval_mae": 0.2219152838224545, "eval_rmse": 0.27637021522906274, "eval_r2": -2.4886625379142715, "eval_stdev": 0.14929162623700923, "eval_stdev_error": 0.0013256867730652433, "eval_qwk": -0.6270087152908475}