{"train_loss": 0.10748959332704544, "train_stdev": 0.04906123876571655, "train_rmse": 0.12831315398216248, "train_r2": 41.6683464050293, "stdev_factor": 0.36319556354940574, "_timestamp": 1656686690, "_runtime": 245, "_step": 1400, "eval_max": 0.7564489841461182, "eval_mse": 0.03973692212262141, "eval_mae": 0.10929269641637802, "eval_rmse": 0.19934122032991924, "eval_r2": -0.13961417002610887, "eval_stdev": 0.07251652044947912, "eval_stdev_error": 0.11421524028341432, "_wandb": {"runtime": 245}}