{"train_loss": 0.11926604062318802, "train_stdev": 0.009107239544391632, "train_rmse": 0.15973545610904694, "train_r2": 117.84707641601562, "stdev_factor": 0.5274611846189943, "_timestamp": 1660560438, "_runtime": 766, "_step": 2599, "eval_max": 0.2642366886138916, "eval_mse": 0.007468284223377886, "eval_mae": 0.06796369038056582, "eval_rmse": 0.08641923526263054, "eval_r2": 0.7303174315052936, "eval_stdev": 0.13950452990600615, "eval_stdev_error": 0.026907217505683423, "eval_qwk": 0.8149971379507728, "_wandb": {"runtime": 763}}