{"train_loss": 0.03838542103767395, "train_stdev": 0.03838542103767395, "train_rmse": 0.39982524514198303, "train_r2": 167.67514038085938, "stdev_factor": 1, "_timestamp": 1660563762, "_runtime": 27, "_step": 39, "eval_max": 0.8368391394615173, "eval_mse": 0.1576539229582796, "eval_mae": {"min": 0.3374410071410239}, "eval_rmse": 0.39705657400209304, "eval_r2": {"max": -0.9587982140368367}, "eval_stdev": 0.14047062273955818, "eval_stdev_error": 0.14322820500381056, "eval_qwk": {"max": -0.5281632653061223}, "eval_kappa": {"max": -0.247610121836926}}