{"train_loss": 0.2938971519470215, "train_stdev": 0.06626951694488525, "train_rmse": 0.4075131118297577, "train_r2": 103.23013305664062, "stdev_factor": 0.44951622352860526, "_timestamp": 1660647373, "_runtime": 262, "_step": 2500, "eval_max": 0.9755900669842958, "eval_mse": 0.048599760422884296, "eval_mae": {"min": 0.16635592921306852}, "eval_rmse": 0.2204535334778835, "eval_r2": {"max": 0.5085479917854154}, "eval_stdev": 0.2465335307530315, "eval_stdev_error": 0.06246376729856237, "eval_qwk": {"max": 0.6402737047898338}, "eval_kappa": {"max": 0.3617057862608546}, "_wandb": {"runtime": 259}}