{"train_loss": 0.16994623839855194, "train_stdev": 0.012857571244239807, "train_rmse": 0.26220381259918213, "train_r2": 118.7220687866211, "stdev_factor": 0.5274842016092357, "_timestamp": 1660578899, "_runtime": 691, "_step": 2300, "eval_max": 0.5439952313899994, "eval_mse": 0.01919507687394887, "eval_mae": {"min": 0.10462634987197816}, "eval_rmse": 0.13854629866564055, "eval_r2": {"max": 0.5658088163342145}, "eval_stdev": 0.18145977632517038, "eval_stdev_error": 0.02747624270201257, "eval_qwk": {"max": 0.7646333406738604}, "eval_kappa": {"max": 0.14605868255716048}, "_wandb": {"runtime": 687}}