{"train_loss": 0.323761522769928, "train_stdev": 0.323761522769928, "train_rmse": 0.3318710923194885, "train_r2": 63.061302185058594, "stdev_factor": 1.0, "_timestamp": 1656580661, "_runtime": 230, "_step": 205}