{"train_loss": 0.2725757360458374, "train_stdev": 0.07611420750617981, "train_rmse": 0.42107224464416504, "train_r2": 101.15078735351562, "stdev_factor": 0.5274682174816749, "_timestamp": 1660644847, "_runtime": 622, "_step": 2500, "eval_max": 0.6182122230529785, "eval_mse": 0.058791818612223164, "eval_mae": {"min": 0.17947928133878577}, "eval_rmse": 0.24247024273552242, "eval_r2": {"max": 0.48227383921298284}, "eval_stdev": 0.25453781222974486, "eval_stdev_error": 0.05358033959089609, "eval_qwk": {"max": 0.6937112091527705}, "eval_kappa": {"max": 0.31432521168135474}, "_wandb": {"runtime": 619}}