{"train_loss": 0.1579839438199997, "train_stdev": 0.06495845317840576, "train_rmse": 0.20490948855876923, "train_r2": 47.2315559387207, "stdev_factor": 0.33529970212520366, "_timestamp": 1656685072, "_runtime": 245, "_step": 1400, "eval_max": 0.258145809173584, "eval_mse": 0.009508881607781383, "eval_mae": 0.0703276664018631, "eval_rmse": 0.09751349449066721, "eval_r2": -0.335751520148893, "eval_stdev": 0.062273027901869275, "eval_stdev_error": 0.022099659353236482, "_wandb": {"runtime": 246}}