{"train_loss": 0.10564970225095749, "train_stdev": 0.022878646850585938, "train_rmse": 0.13741068542003632, "train_r2": 67.42571258544922, "stdev_factor": 0.4882147053050323, "_timestamp": 1656665478, "_runtime": 65, "_step": 399, "eval_max": 0.20252743363380432, "eval_mse": 0.019828548226975034, "eval_mae": 0.12384595804744297, "eval_rmse": 0.14081387796298714, "eval_r2": 0.18521079883965996, "eval_stdev": 0.12373390791414232, "eval_stdev_error": 0.032265455721825376, "_wandb": {"runtime": 63}}