{"train_loss": 0.28500059247016907, "train_stdev": 0.06043986976146698, "train_rmse": 0.3946472704410553, "train_r2": 105.32290649414062, "stdev_factor": 0.44951622352860526, "_timestamp": 1660715977, "_runtime": 664, "_step": 2500, "eval_max": 0.6831216216087341, "eval_mse": 0.05966489312753482, "eval_mae": {"min": 0.17912137042731047}, "eval_rmse": 0.2442639824606461, "eval_r2": {"max": 0.48331187014543864}, "eval_stdev": 0.23137794265610737, "eval_stdev_error": 0.07426514813499849, "eval_qwk": {"max": 0.6945917285259808}, "eval_kappa": {"max": 0.4155774395702775}, "_wandb": {"runtime": 661}}