{"train_loss": Infinity, "train_stdev": 0.0845915824174881, "train_rmse": 0.1321128010749817, "train_r2": Infinity, "stdev_factor": 0.897689033121156, "_timestamp": 1656605216, "_runtime": 1354, "_step": 4222, "eval_max": 0.9999954692339088, "eval_mse": 0.05977620348597284, "eval_mae": 0.16745246018057497, "eval_rmse": 0.24449172478015047, "eval_r2": 0.41032106747808317, "eval_stdev": 0.3060567953277499, "eval_stdev_error": 0.012330960860091833, "_wandb": {"runtime": 1356}}