{"Training loss": 1.2305984497070312, "lr": 6.578947368421053e-08, "global_step": 1, "_timestamp": 1657110438, "_runtime": 21, "_step": 0, "_wandb": {"runtime": 18}}