{"train_loss": 0.16553933918476105, "train_stdev": 0.07224926352500916, "train_rmse": 0.18373307585716248, "train_r2": 82.8330307006836, "stdev_factor": 0.44950873165397887, "_timestamp": 1660696742, "_runtime": 872, "_step": 2700, "eval_max": 0.4156542271375656, "eval_mse": 0.01084614967995593, "eval_mae": {"min": 0.07240890845423564}, "eval_rmse": 0.10414484951237833, "eval_r2": {"max": 0.541291926698029}, "eval_stdev": 0.09013471380281861, "eval_stdev_error": 0.061282750436611064, "eval_qwk": {"max": 0.616609223699327}, "eval_kappa": {"max": 0.29135779299990616}, "_wandb": {"runtime": 869}}