{"train_loss": 0.2832276225090027, "train_stdev": 0.07381322979927063, "train_rmse": 0.384327232837677, "train_r2": 99.8641128540039, "stdev_factor": 0.44951622352860526, "_timestamp": 1660716646, "_runtime": 663, "_step": 2500, "eval_max": 0.7373448014259338, "eval_mse": 0.0727840304560782, "eval_mae": {"min": 0.16656026298369397}, "eval_rmse": 0.26978515610774106, "eval_r2": {"max": 0.6185760392097599}, "eval_stdev": 0.22447762989832834, "eval_stdev_error": 0.12221902407538512, "eval_qwk": {"max": 0.7194084543907866}, "eval_kappa": {"max": 0.405954465849387}, "_wandb": {"runtime": 660}}