{"train_loss": 0.010378032922744751, "train_stdev": 0.010378032922744751, "train_rmse": 0.9861055612564087, "train_r2": 1072.8487548828125, "stdev_factor": 1, "_timestamp": 1656338733, "_runtime": 44, "_step": 147, "eval_max": 1.8738692998886108, "eval_mse": 1.1190100004405497, "eval_mae": 0.9879838579622628, "eval_rmse": 1.0578326901928063, "eval_r2": -17.174855359861795, "eval_stdev": 0.21478494696114314, "eval_stdev_error": 0.03334632523669606, "_wandb": {"runtime": 42}}