{"train_loss": 0.08863325417041779, "train_stdev": 0.06534628570079803, "train_rmse": 0.09763452410697937, "train_r2": 30.270282745361328, "stdev_factor": 0.31107211461456175, "_timestamp": 1656688903, "_runtime": 240, "_step": 1400, "eval_max": 0.3075803816318512, "eval_mse": 0.013277127374108888, "eval_mae": 0.09515857249498368, "eval_rmse": 0.11522641786547427, "eval_r2": 0.018327022110117386, "eval_stdev": 0.07049044066843178, "eval_stdev_error": 0.04580659435244855, "_wandb": {"runtime": 240}}