{"train_loss": 0.11440327763557434, "train_stdev": 0.03248981386423111, "train_rmse": 0.16043218970298767, "train_r2": 41.30569076538086, "stdev_factor": 0.35976284878480097, "_timestamp": 1656684258, "_runtime": 239, "_step": 1400, "eval_max": 0.21404826641082764, "eval_mse": 0.011902422409336033, "eval_mae": 0.09377629458904266, "eval_rmse": 0.10909822367635522, "eval_r2": -0.5622536434947734, "eval_stdev": 0.06679608131075565, "eval_stdev_error": 0.020489378970685937, "_wandb": {"runtime": 240}}