{"train_loss": 0.023281333968043327, "_timestamp": 1654169813, "_runtime": 23, "_step": 239, "eval_max": 0.22650566697120667, "eval_mse": 0.01625642639670144, "eval_mae": 0.10955222323536873, "eval_rmse": 0.1275006917498938, "eval_r2": -0.2099212581454386, "eval_stddev": 0.0007457575892212279, "_wandb": {"runtime": 25}}