{"train_loss": 0.19278623163700104, "train_stdev": 0.03183296322822571, "train_rmse": 0.29522690176963806, "train_r2": 110.33787536621094, "stdev_factor": 0.5274842016092357, "_timestamp": 1660577554, "_runtime": 694, "_step": 2300, "eval_max": 0.3609853982925415, "eval_mse": 0.021189659340942385, "eval_mae": {"min": 0.11816509917844087}, "eval_rmse": 0.1455666834854129, "eval_r2": {"max": 0.5689951261346455}, "eval_stdev": 0.1694418629363496, "eval_stdev_error": 0.05090721970148304, "eval_qwk": {"max": 0.7566668321994339}, "eval_kappa": {"max": 0.088673139158576}, "_wandb": {"runtime": 691}}