{"train_loss": 0.2750783860683441, "train_stdev": 0.09878052771091461, "train_rmse": 0.3550020754337311, "train_r2": 91.4832992553711, "stdev_factor": 0.44951622352860526, "_timestamp": 1660704729, "_runtime": 725, "_step": 2524, "eval_max": 0.531455010175705, "eval_mse": 0.05086679187302207, "eval_mae": {"min": 0.15870086530048866}, "eval_rmse": 0.22553667522826987, "eval_r2": {"max": 0.5035329144290415}, "eval_stdev": 0.18148337061177944, "eval_stdev_error": 0.09524533221329856, "eval_qwk": {"max": 0.5935873412450552}, "eval_kappa": {"max": 0.31405340478610366}, "_wandb": {"runtime": 722}}