{"train_loss": 0.011084407567977905, "train_stdev": 0.011084407567977905, "train_rmse": 0.4338974356651306, "train_r2": 149.87551879882812, "stdev_factor": 1, "_timestamp": 1660566133, "_runtime": 31, "_step": 62, "eval_max": 0.9949486255645752, "eval_mse": 0.33861422351266435, "eval_mae": {"min": 0.36756036267615855}, "eval_rmse": 0.5819056826605703, "eval_r2": {"max": -1.2173903662948389}, "eval_stdev": 0.31115341892593873, "eval_stdev_error": 0.002156120042350995, "eval_qwk": {"max": -0.4628159657715476}, "eval_kappa": {"max": -0.16344749229021271}}