{"train_loss": 0.03641730919480324, "train_stdev": 0.01516164094209671, "train_rmse": 0.01574498973786831, "train_r2": 45.39350128173828, "stdev_factor": 0.3431255179884165, "_timestamp": 1656677886, "_runtime": 71, "_step": 700, "eval_max": 0.3297133445739746, "eval_mse": 0.022914636268381194, "eval_mae": 0.12187560498714448, "eval_rmse": 0.1513758113715041, "eval_r2": -2.0680681850106315, "eval_stdev": 0.07690828600704884, "eval_stdev_error": 0.00951364787348491, "_wandb": {"runtime": 70}}