{"train_loss": 0.12588755786418915, "train_stdev": 0.04703957587480545, "train_rmse": 0.13005106151103973, "train_r2": 86.1296615600586, "stdev_factor": 0.4497785178207278, "_timestamp": 1660743303, "_runtime": 338, "_step": 1100, "eval_max": 0.201722651720047, "eval_mse": 0.005925544350994225, "eval_mae": {"min": 0.057330173440277576}, "eval_rmse": 0.07697755745017001, "eval_r2": {"max": 0.38778168732209595}, "eval_stdev": 0.059818829993019934, "eval_stdev_error": 0.038562110162809346, "eval_qwk": {"max": 0.5892102697432564}, "eval_kappa": {"max": 0.1428571428571429}, "_wandb": {"runtime": 335}}