{"train_loss": 0.2171868085861206, "train_stdev": 0.05636441707611084, "train_rmse": 0.27933940291404724, "train_r2": 98.81202697753906, "stdev_factor": 0.44950873165397887, "_timestamp": 1660718276, "_runtime": 798, "_step": 2600, "eval_max": 0.6079762578010559, "eval_mse": 0.0408665046001127, "eval_mae": {"min": 0.13656086415721802}, "eval_rmse": 0.20215465515320863, "eval_r2": {"max": 0.40806505000826143}, "eval_stdev": 0.16109182134968103, "eval_stdev_error": 0.06579876814139807, "eval_qwk": {"max": 0.642812134305518}, "eval_kappa": {"max": 0.38517310132318294}, "_wandb": {"runtime": 794}}