{"train_loss": 0.20847144722938538, "train_stdev": 0.13794443011283875, "train_rmse": 0.3200325071811676, "train_r2": 4.363125324249268, "stdev_factor": 0.61906579085432, "_timestamp": 1656491169, "_runtime": 470, "_step": 1319, "eval_max": 0.9988853335380554, "eval_mse": 0.32212354468699683, "eval_mae": 0.4889145563773999, "eval_rmse": 0.5675592873762149, "eval_r2": -2.1647872548642004, "eval_stdev": 0.3030962682503689, "eval_stdev_error": 0.015939204805338003, "_wandb": {"runtime": 468}}