{"train_loss": 0.22874696552753448, "train_stdev": 0.02883453667163849, "train_rmse": 0.38783979415893555, "train_r2": 171.66636657714844, "stdev_factor": 0.5827958256016357, "_timestamp": 1656341538, "_runtime": 1452, "_step": 7399, "eval_max": 0.7090050578117371, "eval_mse": 0.07382282013360672, "eval_mae": 0.21091836625309082, "eval_rmse": 0.271703551934101, "eval_r2": -0.18080061456900998, "eval_stdev": 0.008657211422181914, "eval_stdev_error": 0.24138137250956962, "_wandb": {"runtime": 1450}}