{"train_loss": 0.37741705775260925, "train_stdev": 0.27475476264953613, "train_rmse": 0.5967068076133728, "train_r2": 300.8641662597656, "stdev_factor": 0.807227566414296, "_timestamp": 1656408713, "_runtime": 933, "_step": 2472, "eval_max": 1.0, "eval_mse": 0.4003960733918167, "eval_mae": 0.5819776784147372, "eval_rmse": 0.6327685780692786, "eval_r2": -5.4896060657314045, "eval_stdev": 0.0, "eval_stdev_error": 0.24839093223950306}