{"train_loss": 0.06913727521896362, "train_stdev": 0.010934308171272278, "train_rmse": 0.09849704056978226, "train_r2": 48.6797981262207, "stdev_factor": 0.33529970212520366, "_timestamp": 1656689694, "_runtime": 242, "_step": 1400, "eval_max": 0.2524086833000183, "eval_mse": 0.01586134762477336, "eval_mae": 0.10034036636352539, "eval_rmse": 0.12594184223193403, "eval_r2": -0.7490111863009372, "eval_stdev": 0.048804303364321205, "eval_stdev_error": 0.04642568870114398, "_wandb": {"runtime": 242}}