{"train_loss": NaN, "train_stdev": NaN, "train_rmse": NaN, "train_r2": NaN, "stdev_factor": 1.0, "_timestamp": 1656664749, "_runtime": 82, "_step": 299, "eval_max": 0.6606667339801788, "eval_mse": 0.16403915126390473, "eval_mae": 0.38421304596633443, "eval_rmse": 0.4050174703193737, "eval_r2": -12.4577742590813, "eval_stdev": 0.09398122212281043, "eval_stdev_error": 0.016423369892742304, "_wandb": {"runtime": 80}}