{"train_loss": 0.218300461769104, "train_stdev": 0.04747097194194794, "train_rmse": 0.2852247655391693, "train_r2": 103.66869354248047, "stdev_factor": 0.44950873165397887, "_timestamp": 1660731098, "_runtime": 858, "_step": 2700, "eval_max": 0.5387523174285889, "eval_mse": 0.030871155465974458, "eval_mae": {"min": 0.11215919324604329}, "eval_rmse": 0.1757018937461246, "eval_r2": {"max": 0.5770943798784728}, "eval_stdev": 0.14285026701150824, "eval_stdev_error": 0.08018258335755735, "eval_qwk": {"max": 0.7126480703095147}, "eval_kappa": {"max": 0.46428231713117096}, "_wandb": {"runtime": 855}}