{"train_loss": 0.1981593519449234, "train_stdev": 0.013177871704101562, "train_rmse": 0.43646347522735596, "train_r2": 132.8216552734375, "stdev_factor": 0.6416898510246709, "_timestamp": 1656602004, "_runtime": 657, "_step": 3984, "eval_max": 0.9998941421508789, "eval_mse": 0.3183318127022103, "eval_mae": 0.47991841387601547, "eval_rmse": 0.5642090150841356, "eval_r2": -2.0244676784909617, "eval_stdev": 0.29211604289147225, "eval_stdev_error": 0.03230987892131332}