{"train_loss": 0.10425636172294617, "train_stdev": 0.013354569673538208, "train_rmse": 0.1738760620355606, "train_r2": 112.43965148925781, "stdev_factor": 0.620022196981994, "_timestamp": 1657101794, "_runtime": 91, "_step": 400, "eval_max": 0.4186203181743622, "eval_mse": 0.0416199295610177, "eval_mae": 0.16612460613250732, "eval_rmse": 0.20400963104965827, "eval_r2": -1.0763890505155067, "eval_stdev": 0.11966022842217551, "eval_stdev_error": 0.021917945148713883, "_wandb": {"runtime": 90}}