{"train_loss": 0.22457212209701538, "train_stdev": 0.16338542103767395, "train_rmse": 0.18003518879413605, "train_r2": 63.624183654785156, "stdev_factor": 0, "_timestamp": 1660744133, "_runtime": 42, "_step": 76, "eval_max": 0.6778122186660767, "eval_mse": 0.02305000889564529, "eval_mae": {"min": 0.10324609687086195}, "eval_rmse": 0.1518222938031345, "eval_r2": {"max": 0.1368285121013949}, "eval_stdev": 0.009365646377288902, "eval_stdev_error": 0.1378662946330661, "eval_qwk": {"max": 0.015753938484621144}, "eval_kappa": {"max": 0.011657834973504921}}