{"train_loss": 0.14119258522987366, "train_stdev": 0.06914127618074417, "train_rmse": 0.14574281871318817, "train_r2": 77.6401138305664, "stdev_factor": 0.4497785178207278, "_timestamp": 1660742959, "_runtime": 340, "_step": 1100, "eval_max": 0.19704869389533997, "eval_mse": 0.006926151565344239, "eval_mae": {"min": 0.06826095446012914}, "eval_rmse": 0.0832235036834201, "eval_r2": {"max": 0.44039151865219694}, "eval_stdev": 0.07229807005114913, "eval_stdev_error": 0.0366954618557519, "eval_qwk": {"max": 0.6791893864582886}, "eval_kappa": {"max": 0.09697280656747054}, "_wandb": {"runtime": 337}}