{"train_loss": 0.3310810327529907, "train_stdev": 0.3310810327529907, "train_rmse": 0.11184192448854446, "train_r2": 63.165916442871094, "stdev_factor": 1.0, "_timestamp": 1656519526, "_runtime": 127, "_step": 302, "eval_max": 0.5218786597251892, "eval_mse": 0.10438398269779751, "eval_mae": 0.27158966271843166, "eval_rmse": 0.32308510132439955, "eval_r2": -0.05217302193181528, "eval_stdev": 0.003561308455320524, "eval_stdev_error": 0.31141170858220835}