{"train_loss": 0.008924901485443115, "train_stdev": 0.008924901485443115, "train_rmse": 0.4549451172351837, "train_r2": 124.79039001464844, "stdev_factor": 1.0, "_timestamp": 1656509959, "_runtime": 274, "_step": 840, "eval_max": 0.9998478889465332, "eval_mse": 0.3728654020080421, "eval_mae": 0.5308075794207069, "eval_rmse": 0.6106270564002565, "eval_r2": -2.582890638631683, "eval_stdev": 0.332593321407895, "eval_stdev_error": 0.009997106446756887}