{"train_loss": 0.3197707533836365, "train_stdev": 0.30456361174583435, "train_rmse": 0.3206477761268616, "train_r2": 34.2348747253418, "stdev_factor": 0.6202822608161082, "_timestamp": 1656582029, "_runtime": 92, "_step": 248, "eval_max": 0.510591059923172, "eval_mse": 0.10216871875734512, "eval_mae": 0.27246269106545046, "eval_rmse": 0.3196384187755676, "eval_r2": -0.013912666057359191, "eval_stdev": 0.0011787209963409673, "eval_stdev_error": 0.31625912195867323, "_wandb": {"runtime": 91}}