{"train_loss": 0.17927658557891846, "train_stdev": 0.0723641887307167, "train_rmse": 0.20661042630672455, "train_r2": 85.66642761230469, "stdev_factor": 0.44950873165397887, "_timestamp": 1660693340, "_runtime": 805, "_step": 2600, "eval_max": 0.382834255695343, "eval_mse": 0.011483399868320983, "eval_mae": {"min": 0.07775441679405048}, "eval_rmse": 0.10716062648342899, "eval_r2": {"max": 0.6582394047862086}, "eval_stdev": 0.09717788982354436, "eval_stdev_error": 0.07178717487683212, "eval_qwk": {"max": 0.80078125}, "eval_kappa": {"max": 0.20871648249748864}, "_wandb": {"runtime": 802}}