{"train_loss": 0.20579133927822113, "train_stdev": 0.018985092639923096, "train_rmse": 0.3320770561695099, "train_r2": 117.47529602050781, "stdev_factor": 0.5274611846189943, "_timestamp": 1660576831, "_runtime": 773, "_step": 2600, "eval_max": 0.5069156289100647, "eval_mse": 0.02417263048648021, "eval_mae": {"min": 0.12417137710144743}, "eval_rmse": 0.1554754980261527, "eval_r2": {"max": 0.6266921493583064}, "eval_stdev": 0.18977379268008254, "eval_stdev_error": 0.05675360303069338, "eval_qwk": {"max": 0.6759493670886076}, "eval_kappa": {"max": 0.27025287356321837}, "_wandb": {"runtime": 770}}