{"train_loss": Infinity, "train_stdev": 0.0, "train_rmse": 0.13238775730133057, "train_r2": Infinity, "stdev_factor": 0.6221677957447451, "_timestamp": 1656581035, "_runtime": 55, "_step": 115, "eval_max": 0.4040001928806305, "eval_mse": 0.061802649244717615, "eval_mae": 0.22022147476673126, "eval_rmse": 0.24860138624858394, "eval_r2": -3.3229432523166036, "eval_stdev": 0.0009274210835017113, "eval_stdev_error": 0.11864025234751244, "_wandb": {"runtime": 53}}