{"train_loss": 0.1731875091791153, "train_stdev": 0.08867473900318146, "train_rmse": 0.18787597119808197, "train_r2": 77.60173034667969, "stdev_factor": 0.44950873165397887, "_timestamp": 1660702565, "_runtime": 807, "_step": 2600, "eval_max": 0.3326905816793442, "eval_mse": 0.012814846283125382, "eval_mae": {"min": 0.08341821259818971}, "eval_rmse": 0.11320267789732441, "eval_r2": {"max": 0.5222864640223843}, "eval_stdev": 0.09070723319013412, "eval_stdev_error": 0.06982776847771259, "eval_qwk": {"max": 0.6250176478893124}, "eval_kappa": {"max": 0.3694006021348417}, "_wandb": {"runtime": 804}}