{"train_loss": 0.2647947371006012, "train_stdev": 0.04403334856033325, "train_rmse": 0.3688081204891205, "train_r2": 108.93836975097656, "stdev_factor": 0.44951622352860526, "_timestamp": 1660712559, "_runtime": 663, "_step": 2500, "eval_max": 0.663298487663269, "eval_mse": 0.05915390161716115, "eval_mae": {"min": 0.16977699318522355}, "eval_rmse": 0.24321575116994612, "eval_r2": {"max": 0.45027348966746283}, "eval_stdev": 0.22154393739779235, "eval_stdev_error": 0.07193074398377344, "eval_qwk": {"max": 0.6696165191740413}, "eval_kappa": {"max": 0.42815463165572576}, "_wandb": {"runtime": 660}}