{"train_loss": 0.15125784277915955, "train_stdev": 0.06672219187021255, "train_rmse": 0.16314499080181122, "train_r2": 81.63028717041016, "stdev_factor": 0.44950873165397887, "_timestamp": 1660688399, "_runtime": 807, "_step": 2600, "eval_max": 0.2673928141593933, "eval_mse": 0.010431032400779895, "eval_mae": {"min": 0.07888341858051717}, "eval_rmse": 0.10213242580483387, "eval_r2": {"max": 0.5886510989211888}, "eval_stdev": 0.07834337721574904, "eval_stdev_error": 0.0708405956188536, "eval_qwk": {"max": 0.7101560994411255}, "eval_kappa": {"max": 0.17310087173100874}, "_wandb": {"runtime": 804}}