{"train_loss": 0.30494803190231323, "train_stdev": 0.30838051438331604, "train_rmse": 0.09817267954349518, "train_r2": 63.976844787597656, "stdev_factor": 0.9792505527874787, "_timestamp": 1656578174, "_runtime": 358, "_step": 1126, "eval_max": 0.5116291046142578, "eval_mse": 0.1026123500359805, "eval_mae": 0.2710220852190352, "eval_rmse": 0.3203316250949639, "eval_r2": -0.02807958351405815, "eval_stdev": 0.0024439832230830185, "eval_stdev_error": 0.3134828030219443}