{"train_loss": 0.030457764863967896, "train_stdev": 0.030457764863967896, "train_rmse": 0.45896825194358826, "train_r2": 126.36835479736328, "stdev_factor": 1.0, "_timestamp": 1656509677, "_runtime": 251, "_step": 763, "eval_max": 0.9999768733978271, "eval_mse": 0.34307901698753596, "eval_mae": 0.5019757565863977, "eval_rmse": 0.5857294742349372, "eval_r2": -2.374210182203602, "eval_stdev": 0.321885587087997, "eval_stdev_error": 0.0030175320988112264}