{"train_loss": 0.1983894556760788, "train_stdev": 0.06889413297176361, "train_rmse": 0.24054484069347382, "train_r2": 90.85099792480469, "stdev_factor": 0.44953325098077196, "_timestamp": 1660739004, "_runtime": 748, "_step": 2322, "eval_max": 0.30862879753112793, "eval_mse": 0.013484687584730037, "eval_mae": {"min": 0.08655302273109555}, "eval_rmse": 0.11612358754676001, "eval_r2": {"max": 0.6996179684974846}, "eval_stdev": 0.14144918423124472, "eval_stdev_error": 0.06472693048547526, "eval_qwk": {"max": 0.8387803250336031}, "eval_kappa": {"max": 0.16065573770491803}, "_wandb": {"runtime": 744}}