{"train_loss": Infinity, "train_stdev": 0.03529399633407593, "train_rmse": 0.04255795478820801, "train_r2": Infinity, "stdev_factor": 0.7289205949256538, "_timestamp": 1656602891, "_runtime": 876, "_step": 5407, "eval_max": 0.3165740966796875, "eval_mse": 0.01710342404470956, "eval_mae": 0.10409943214276941, "eval_rmse": 0.13078005981306767, "eval_r2": -0.2387270284010552, "eval_stdev": 0.04677247546680049, "eval_stdev_error": 0.07073181509448331, "_wandb": {"runtime": 874}}