{"train_loss": 0.0334242582321167, "train_stdev": 0.0334242582321167, "train_rmse": 0.4034317135810852, "train_r2": 145.4596405029297, "stdev_factor": 1.0, "_timestamp": 1656509385, "_runtime": 100, "_step": 268, "eval_max": 0.9970870614051819, "eval_mse": 0.35535265027870194, "eval_mae": 0.5149663444601785, "eval_rmse": 0.5961146284723282, "eval_r2": -2.519316197502974, "eval_stdev": 0.324051118165153, "eval_stdev_error": 0.006290087656906029}