{"train_loss": 0.2965998649597168, "train_stdev": 0.0819607526063919, "train_rmse": 0.40267181396484375, "train_r2": 98.85566711425781, "stdev_factor": 0.44951622352860526, "_timestamp": 1660710550, "_runtime": 662, "_step": 2500, "eval_max": 0.7596286535263062, "eval_mse": 0.0670188134192767, "eval_mae": {"min": 0.1704007796361111}, "eval_rmse": 0.2588799208499506, "eval_r2": {"max": 0.5433585490154713}, "eval_stdev": 0.24819141622040383, "eval_stdev_error": 0.07168676482388661, "eval_qwk": {"max": 0.7324414715719063}, "eval_kappa": {"max": 0.4581893572909468}, "_wandb": {"runtime": 659}}