{"train_loss": 0.09644565731287003, "train_stdev": 0.008714959025382996, "train_rmse": 0.14010612666606903, "train_r2": 59.417816162109375, "stdev_factor": 0.33529970212520366, "_timestamp": 1656687762, "_runtime": 244, "_step": 1400, "eval_max": 0.2739878296852112, "eval_mse": 0.018817632371485614, "eval_mae": 0.11322566270828247, "eval_rmse": 0.1371773755817103, "eval_r2": -1.9090063256279928, "eval_stdev": 0.09756317409953105, "eval_stdev_error": 0.017134639298511875, "_wandb": {"runtime": 244}}