{"train_loss": 0.3243110477924347, "train_stdev": 0.3238133192062378, "train_rmse": 0.3262723386287689, "train_r2": 63.637916564941406, "stdev_factor": 0.98941129792239, "_timestamp": 1656581355, "_runtime": 298, "_step": 271, "eval_max": 0.5061285495758057, "eval_mse": 0.10266835667479031, "eval_mae": 0.2733831175378056, "eval_rmse": 0.32041903294715546, "eval_r2": -0.009832987354447154, "eval_stdev": 0.0008077434397795403, "eval_stdev_error": 0.3180474746824577}