{"train_loss": Infinity, "train_stdev": 0.0, "train_rmse": 0.08507764339447021, "train_r2": Infinity, "stdev_factor": 0.6358915349437808, "_timestamp": 1656508794, "_runtime": 96, "_step": 270, "eval_max": 0.9565607309341431, "eval_mse": 0.05813334586898457, "eval_mae": 0.18797774197390446, "eval_rmse": 0.24110857692953308, "eval_r2": 0.42158158233089627, "eval_stdev": 0.28078193939465124, "eval_stdev_error": 0.0362416678200308, "_wandb": {"runtime": 93}}