{"train_loss": 0.3276327848434448, "train_stdev": 0.1113850474357605, "train_rmse": 0.4659787714481354, "train_r2": 95.43988037109375, "stdev_factor": 0.48683691588774497, "_timestamp": 1660642463, "_runtime": 495, "_step": 4800, "eval_max": 0.6805585324764252, "eval_mse": 0.06489486960045937, "eval_mae": 0.1963822793916279, "eval_rmse": 0.25474471456825043, "eval_r2": 0.4057543452485892, "eval_stdev": 0.2743691912100245, "eval_stdev_error": 0.05609330165839349, "eval_qwk": 0.5026112907237006, "_wandb": {"runtime": 492}}