{"train_loss": 0.2539467215538025, "train_stdev": 0.06748850643634796, "train_rmse": 0.3367958962917328, "train_r2": 99.15660095214844, "stdev_factor": 0.44951622352860526, "_timestamp": 1660707686, "_runtime": 738, "_step": 2548, "eval_max": 0.594464510679245, "eval_mse": 0.05259348236488504, "eval_mae": {"min": 0.1586633029855875}, "eval_rmse": 0.22933268926362207, "eval_r2": {"max": 0.29397181118926896}, "eval_stdev": 0.16385255066419077, "eval_stdev_error": 0.08522343087690173, "eval_qwk": {"max": 0.5093932196069964}, "eval_kappa": {"max": 0.2676747037188394}, "_wandb": {"runtime": 736}}