{"train_loss": 0.20058542490005493, "train_stdev": 0.14025302231311798, "train_rmse": 0.15319809317588806, "train_r2": 67.69618225097656, "stdev_factor": 0, "_timestamp": 1660744183, "_runtime": 26, "_step": 24, "_wandb": {"runtime": 23}}