{"train_loss": 0.23207563161849976, "train_stdev": 0.07162614166736603, "train_rmse": 0.29655203223228455, "train_r2": 95.05731964111328, "stdev_factor": 0.44950873165397887, "_timestamp": 1660663480, "_runtime": 829, "_step": 2600, "eval_max": 0.5558903217315674, "eval_mse": 0.03314335067943689, "eval_mae": {"min": 0.131850688088889}, "eval_rmse": 0.18205315344546188, "eval_r2": {"max": 0.516928673786105}, "eval_stdev": 0.161526931533776, "eval_stdev_error": 0.08441175969586764, "eval_qwk": {"max": 0.658069270449521}, "eval_kappa": {"max": 0.26281435976195044}, "_wandb": {"runtime": 827}}