{"train_loss": 0.0536641888320446, "_timestamp": 1654168415, "_runtime": 305, "_step": 2944, "eval_max": 0.4575199633836746, "eval_mse": 0.025901282062378055, "eval_mae": 0.12112877492148143, "eval_rmse": 0.16093875251901904, "eval_r2": -0.262845756529819, "eval_stddev": 0.0035472936861043365, "_wandb": {"runtime": 307}}