{"train_loss": Infinity, "train_stdev": 0.0, "train_rmse": 0.24247831106185913, "train_r2": Infinity, "stdev_factor": 0.6221677957447451, "_timestamp": 1656580964, "_runtime": 33, "_step": 115, "eval_max": 0.4010298550128937, "eval_mse": 0.059145204555944755, "eval_mae": 0.2146667412349156, "eval_rmse": 0.243197871199451, "eval_r2": -3.137061534847718, "eval_stdev": 0.0021104659756337203, "eval_stdev_error": 0.11745720745538044, "_wandb": {"runtime": 31}}