{"train_loss": 0.1215832531452179, "train_stdev": 0.05607309937477112, "train_rmse": 0.13690738379955292, "train_r2": 82.67784881591797, "stdev_factor": 0.5277144267608633, "_timestamp": 1660579567, "_runtime": 319, "_step": 1100, "eval_max": 0.3118612766265869, "eval_mse": 0.010108927081162542, "eval_mae": {"min": 0.07469051633961499}, "eval_rmse": 0.10054316029030787, "eval_r2": {"max": 0.23962318715219388}, "eval_stdev": 0.06507050322879555, "eval_stdev_error": 0.04995497153573639, "eval_qwk": {"max": 0.446489647789875}, "eval_kappa": {"max": 0.05024733142410831}, "_wandb": {"runtime": 316}}