{"train_loss": 0.17582854628562927, "train_stdev": 0.07856117188930511, "train_rmse": 0.19703689217567444, "train_r2": 83.1660385131836, "stdev_factor": 0.44950873165397887, "_timestamp": 1660690072, "_runtime": 857, "_step": 2675, "eval_max": 0.2963654398918152, "eval_mse": 0.010147347366798053, "eval_mae": {"min": 0.06783069181255996}, "eval_rmse": 0.10073404274026757, "eval_r2": {"max": 0.7096953159030488}, "eval_stdev": 0.08404549878090899, "eval_stdev_error": 0.07657311172406854, "eval_qwk": {"max": 0.77556433075971}, "eval_kappa": {"max": 0.22672352523098793}, "_wandb": {"runtime": 854}}