{"train_loss": 0.21059219539165497, "train_stdev": 0.06846390664577484, "train_rmse": 0.26147136092185974, "train_r2": 93.1099853515625, "stdev_factor": 0.44950873165397887, "_timestamp": 1660658247, "_runtime": 832, "_step": 2600, "eval_max": 0.5323652029037476, "eval_mse": 0.030545955157600085, "eval_mae": {"min": 0.10902614986116532}, "eval_rmse": 0.17477401167679388, "eval_r2": {"max": 0.6696919078434895}, "eval_stdev": 0.1447547585749218, "eval_stdev_error": 0.09616936556741063, "eval_qwk": {"max": 0.7982541222114452}, "eval_kappa": {"max": 0.5570148194160973}, "_wandb": {"runtime": 830}}