{"train_loss": 0.1683521568775177, "train_stdev": 0.130639910697937, "train_rmse": 0.23972544074058533, "train_r2": 64.76570892333984, "stdev_factor": 0.7557837414557255, "_timestamp": 1656590085, "_runtime": 13, "_step": 3, "eval_max": 0.4067942500114441, "eval_mse": 0.08670013705103072, "eval_mae": 0.27164158556196427, "eval_rmse": 0.2944488700114686, "eval_r2": -2.5958586177351823, "eval_stdev": 0.03904387571055511, "eval_stdev_error": 0.11623364499197669, "_wandb": {"runtime": 12}}