{"train_loss": 0.004189133644104004, "train_stdev": 0.004189133644104004, "train_rmse": 0.4084059000015259, "train_r2": 132.66836547851562, "stdev_factor": 1, "_timestamp": 1660563722, "_runtime": 26, "_step": 35, "eval_max": 0.9081103801727295, "eval_mse": 0.1702466096289721, "eval_mae": {"min": 0.3436293986160308}, "eval_rmse": 0.41260951228609855, "eval_r2": {"max": -1.0246700844570555}, "eval_stdev": 0.14789699979355952, "eval_stdev_error": 0.1420790323705765, "eval_qwk": {"max": -0.5083491862185585}, "eval_kappa": {"max": -0.24051812505824244}}