{"train_loss": 0.34477946162223816, "train_stdev": 0.3307608366012573, "train_rmse": 0.3449946343898773, "train_r2": 32.240665435791016, "stdev_factor": 0.619082875574664, "_timestamp": 1656581646, "_runtime": 173, "_step": 1244, "eval_max": 0.5308791995048523, "eval_mse": 0.09928269393330492, "eval_mae": 0.2697266376295755, "eval_rmse": 0.3150915643639241, "eval_r2": 0.02509451578204913, "eval_stdev": 0.007823572656257707, "eval_stdev_error": 0.3112975268681397, "_wandb": {"runtime": 172}}