{"train_loss": 0.07415856420993805, "train_stdev": 0.08244293928146362, "train_rmse": 0.04212115332484245, "train_r2": 35.70078659057617, "stdev_factor": 0.4596406833067683, "_timestamp": 1656676634, "_runtime": 36, "_step": 140, "eval_max": 0.2211589813232422, "eval_mse": 0.00928062323601253, "eval_mae": 0.07422186136245727, "eval_rmse": 0.0963359913843862, "eval_r2": -0.457212459375693, "eval_stdev": 0.06486370277728147, "eval_stdev_error": 0.01494075167667934, "_wandb": {"runtime": 34}}