{"train_loss": 0.15763261914253235, "train_stdev": 0.06258975714445114, "train_rmse": 0.17570176720619202, "train_r2": 85.05567169189453, "stdev_factor": 0.44950873165397887, "_timestamp": 1660700888, "_runtime": 806, "_step": 2600, "eval_max": 0.4379621148109436, "eval_mse": 0.016717538731932283, "eval_mae": {"min": 0.09445898968260735}, "eval_rmse": 0.1292963214168612, "eval_r2": {"max": 0.42050783240400436}, "eval_stdev": 0.08356182951915918, "eval_stdev_error": 0.08326020702996965, "eval_qwk": {"max": 0.6060883306994926}, "eval_kappa": {"max": 0.3014522245860698}, "_wandb": {"runtime": 804}}