{"train_loss": 0.068151094019413, "train_stdev": 0.0009460747241973877, "train_rmse": 0.16432523727416992, "train_r2": 18.85498809814453, "stdev_factor": 0.6194024846927992, "_timestamp": 1656665353, "_runtime": 108, "_step": 699, "eval_max": 0.28817373514175415, "eval_mse": 0.02350420703143325, "eval_mae": 0.12089541223314074, "eval_rmse": 0.15331081837702534, "eval_r2": -0.43038362522132645, "eval_stdev": 0.07999209795521033, "eval_stdev_error": 0.04819565568830313, "_wandb": {"runtime": 106}}