{"train_loss": 0.15212762355804443, "train_stdev": 0.05827699601650238, "train_rmse": 0.16855674982070923, "train_r2": 86.00782775878906, "stdev_factor": 0.44950873165397887, "_timestamp": 1660700077, "_runtime": 832, "_step": 2625, "eval_max": 0.44026732444763184, "eval_mse": 0.011975375642456413, "eval_mae": {"min": 0.08489018934778869}, "eval_rmse": 0.10943205948192884, "eval_r2": {"max": 0.4835277380151489}, "eval_stdev": 0.08777113781834502, "eval_stdev_error": 0.06202528028058753, "eval_qwk": {"max": 0.5619949035311249}, "eval_kappa": {"max": 0.17303370786516858}, "_wandb": {"runtime": 829}}