{"train_loss": 0.3384602665901184, "train_stdev": 0.3384602665901184, "train_rmse": 0.3410808742046356, "train_r2": 63.519012451171875, "stdev_factor": 1.0, "_timestamp": 1656580394, "_runtime": 424, "_step": 360, "eval_max": 0.5028285384178162, "eval_mse": 0.10404428175484527, "eval_mae": 0.2744331500824534, "eval_rmse": 0.32255895857167766, "eval_r2": -0.009277629852615155, "eval_stdev": 0.0013851728887714358, "eval_stdev_error": 0.31968782605176954}