{"train_loss": 0.12239096313714981, "train_stdev": 0.10533329099416733, "train_rmse": 0.23812346160411835, "train_r2": 127.24751281738281, "stdev_factor": 0.9231163463866358, "_timestamp": 1656665021, "_runtime": 13, "_step": 1}