{"train_loss": 0.010750681161880493, "train_stdev": 0.010750681161880493, "train_rmse": 0.48193123936653137, "train_r2": 139.94903564453125, "stdev_factor": 1.0, "_timestamp": 1656603850, "_runtime": 793, "_step": 815, "eval_max": 0.9979767203330994, "eval_mse": 0.34039707344772413, "eval_mae": 0.498055087239494, "eval_rmse": 0.583435577804203, "eval_r2": -2.354256075890957, "eval_stdev": 0.2987134717844517, "eval_stdev_error": 0.019849138464348215}