{"train_loss": 0.3314111828804016, "train_stdev": 0.3187248706817627, "train_rmse": 0.3203005790710449, "train_r2": 63.174583435058594, "stdev_factor": 0.7229936507240807, "_timestamp": 1656579234, "_runtime": 926, "_step": 3015, "eval_max": 0.5044817328453064, "eval_mse": 0.10313043049995237, "eval_mae": 0.27325293502248893, "eval_rmse": 0.32113926963227707, "eval_r2": -0.01769893746228668, "eval_stdev": 0.0013000687327866525, "eval_stdev_error": 0.3170344651749241}