{"train_loss": 0.14017818868160248, "train_stdev": 0.06769594550132751, "train_rmse": 0.19740736484527588, "train_r2": 87.20353698730469, "stdev_factor": 0.620022196981994, "_timestamp": 1657101280, "_runtime": 93, "_step": 400, "eval_max": 0.554301843047142, "eval_mse": 0.06117430520267153, "eval_mae": 0.19343244880437852, "eval_rmse": 0.2473343995538662, "eval_r2": -0.8840013247813647, "eval_stdev": 0.1588058797141344, "eval_stdev_error": 0.021389611831258815, "_wandb": {"runtime": 93}}