{"train_loss": 0.2914339303970337, "train_stdev": 0.03446221351623535, "train_rmse": 0.45504075288772583, "train_r2": 114.6535873413086, "stdev_factor": 0.48691453375675514, "_timestamp": 1660645490, "_runtime": 623, "_step": 2500, "eval_max": 0.8208668828010559, "eval_mse": 0.07633127969436315, "eval_mae": {"min": 0.18952878438176413}, "eval_rmse": 0.2762811605853051, "eval_r2": {"max": 0.3953228679294938}, "eval_stdev": 0.24392035040903215, "eval_stdev_error": 0.05249742879222119, "eval_qwk": {"max": 0.6773787019533711}, "eval_kappa": {"max": 0.38472295053312355}, "_wandb": {"runtime": 620}}