{"train_loss": 0.23834410309791565, "train_stdev": 0.09679089486598969, "train_rmse": 0.29288581013679504, "train_r2": 87.20696258544922, "stdev_factor": 0.44950873165397887, "_timestamp": 1660735760, "_runtime": 836, "_step": 2625, "eval_max": 0.6133488416671753, "eval_mse": 0.022834371621036527, "eval_mae": {"min": 0.11808173742610961}, "eval_rmse": 0.15111046165317782, "eval_r2": {"max": 0.49025857836796394}, "eval_stdev": 0.16329673824740232, "eval_stdev_error": 0.04835389366810691, "eval_qwk": {"max": 0.6229379418695994}, "eval_kappa": {"max": 0.2832194381169324}, "_wandb": {"runtime": 833}}