{"train_loss": 0.2252037078142166, "train_stdev": 0.06375160813331604, "train_rmse": 0.28857430815696716, "train_r2": 97.80657196044922, "stdev_factor": 0.44950873165397887, "_timestamp": 1660727742, "_runtime": 808, "_step": 2600, "eval_max": 0.46692562103271484, "eval_mse": 0.023609350010930757, "eval_mae": {"min": 0.10985310623073019}, "eval_rmse": 0.15365334363732785, "eval_r2": {"max": 0.6457541426549799}, "eval_stdev": 0.16191352345615906, "eval_stdev_error": 0.07320898242840637, "eval_qwk": {"max": 0.7581634108084985}, "eval_kappa": {"max": 0.4742857142857143}, "_wandb": {"runtime": 799}}