{"train_loss": 0.10860089957714081, "train_stdev": 0.05470987781882286, "train_rmse": 0.1146528422832489, "train_r2": 77.37699127197266, "stdev_factor": 0.5277144267608633, "_timestamp": 1660580132, "_runtime": 326, "_step": 1100, "eval_max": 0.2649385929107666, "eval_mse": 0.015177998634743797, "eval_mae": {"min": 0.10164041351526976}, "eval_rmse": 0.12319902042931916, "eval_r2": {"max": 0.09599596601495097}, "eval_stdev": 0.05943953186939688, "eval_stdev_error": 0.07013572262196521, "eval_qwk": {"max": 0.36554860716316084}, "eval_kappa": {"max": 0.0602782071097373}, "_wandb": {"runtime": 323}}