{"train_loss": 0.19663353264331818, "train_stdev": 0.06504824757575989, "train_rmse": 0.23928377032279968, "train_r2": 92.58222198486328, "stdev_factor": 0.44953325098077196, "_timestamp": 1660741176, "_runtime": 734, "_step": 2322, "eval_max": 0.40480291843414307, "eval_mse": 0.018741186331645038, "eval_mae": {"min": 0.10283163154963404}, "eval_rmse": 0.1368984526269199, "eval_r2": {"max": 0.5530156420238133}, "eval_stdev": 0.13026908649124416, "eval_stdev_error": 0.07117019827672402, "eval_qwk": {"max": 0.7596303257720207}, "eval_kappa": {"max": 0.16514479519958258}, "_wandb": {"runtime": 731}}