{"train_loss": 0.23819850385189056, "train_stdev": 0.031281232833862305, "train_rmse": 0.5455895662307739, "train_r2": 282.843994140625, "stdev_factor": 0.7095078818173056, "_timestamp": 1656405853, "_runtime": 2333, "_step": 4972, "eval_max": 0.6503862738609314, "eval_mse": 0.06441043745536419, "eval_mae": 0.19828057503728774, "eval_rmse": 0.25379211464378515, "eval_r2": -0.08278593448433025, "eval_stdev": 0.006138933799500684, "eval_stdev_error": 0.2377582701565607}