{"train_loss": 0.30726194381713867, "train_stdev": 0.09266138076782227, "train_rmse": 0.41442322731018066, "train_r2": 97.25438690185547, "stdev_factor": 0.44951622352860526, "_timestamp": 1660713927, "_runtime": 668, "_step": 2500, "eval_max": 0.6553248763084412, "eval_mse": 0.04209000580149952, "eval_mae": {"min": 0.16678567917551845}, "eval_rmse": 0.20515848946972562, "eval_r2": {"max": 0.6186170309689105}, "eval_stdev": 0.25242698591637514, "eval_stdev_error": 0.07298966586513811, "eval_qwk": {"max": 0.7281115167607036}, "eval_kappa": {"max": 0.3387533875338753}, "_wandb": {"runtime": 664}}