{"train_loss": Infinity, "train_stdev": 0.0, "train_rmse": 0.06529176235198975, "train_r2": Infinity, "stdev_factor": 0.6358915349437808, "_timestamp": 1656587096, "_runtime": 23, "_step": 21, "_wandb": {"runtime": 21}}