{"train_loss": 0.25753578543663025, "train_stdev": 0.06647808849811554, "train_rmse": 0.3421975374221802, "train_r2": 101.93276977539062, "stdev_factor": 0.44951622352860526, "_timestamp": 1660709883, "_runtime": 699, "_step": 2500, "eval_max": 0.6008847057819366, "eval_mse": 0.06903490902591397, "eval_mae": {"min": 0.1789687826531008}, "eval_rmse": 0.26274495052410424, "eval_r2": {"max": 0.29538852191547527}, "eval_stdev": 0.1606201235666307, "eval_stdev_error": 0.10449376156279355, "eval_qwk": {"max": 0.5524916289147135}, "eval_kappa": {"max": 0.2452265069262448}, "_wandb": {"runtime": 696}}