{"train_loss": 0.20142462849617004, "train_stdev": 0.12822803854942322, "train_rmse": 0.3168353736400604, "train_r2": 5.36801290512085, "stdev_factor": 0.6194909770827756, "_timestamp": 1656582449, "_runtime": 110, "_step": 525, "eval_max": 0.9734470844268799, "eval_mse": 0.06579552279661288, "eval_mae": 0.18892605238204438, "eval_rmse": 0.2565063796411561, "eval_r2": 0.3622380950692248, "eval_stdev": 0.29572804274171605, "eval_stdev_error": 0.025467037042298413, "_wandb": {"runtime": 110}}