{"train_loss": 0.23930208384990692, "train_stdev": 0.08476215600967407, "train_rmse": 0.30151665210723877, "train_r2": 91.39491271972656, "stdev_factor": 0.44950873165397887, "_timestamp": 1660737423, "_runtime": 843, "_step": 2625, "eval_max": 0.6140030026435852, "eval_mse": 0.02873350435377086, "eval_mae": {"min": 0.11698807764332741}, "eval_rmse": 0.16950959959179557, "eval_r2": {"max": 0.5316821698357292}, "eval_stdev": 0.1620750282050977, "eval_stdev_error": 0.07043709975479495, "eval_qwk": {"max": 0.6578556578556578}, "eval_kappa": {"max": 0.3071371291098637}, "_wandb": {"runtime": 838}}