{"train_loss": 0.18974709510803223, "train_stdev": 0.033899277448654175, "train_rmse": 0.24266599118709564, "train_r2": 106.20011901855469, "stdev_factor": 0.44950873165397887, "_timestamp": 1660728579, "_runtime": 826, "_step": 2625, "eval_max": 0.489949107170105, "eval_mse": 0.02119747178633366, "eval_mae": {"min": 0.10549559368519112}, "eval_rmse": 0.14559351560537873, "eval_r2": {"max": 0.7170138767701224}, "eval_stdev": 0.17564005327820237, "eval_stdev_error": 0.07325888925420374, "eval_qwk": {"max": 0.7488372093023256}, "eval_kappa": {"max": 0.4247688185982197}, "_wandb": {"runtime": 822}}