{"train_loss": 0.26025769114494324, "train_stdev": 0.07567226886749268, "train_rmse": 0.3424803614616394, "train_r2": 97.86689758300781, "stdev_factor": 0.44951622352860526, "_timestamp": 1660703998, "_runtime": 723, "_step": 2524, "eval_max": 0.9123553037643433, "eval_mse": 0.05789124994505641, "eval_mae": {"min": 0.17935540328835486}, "eval_rmse": 0.24060600562965256, "eval_r2": {"max": 0.29590609992748973}, "eval_stdev": 0.20141529689628845, "eval_stdev_error": 0.08041281124381294, "eval_qwk": {"max": 0.5075493612078978}, "eval_kappa": {"max": 0.27062228654124454}, "_wandb": {"runtime": 720}}