{"train_loss": 0.14861881732940674, "train_stdev": 0.06462204456329346, "train_rmse": 0.15992814302444458, "train_r2": 81.82718658447266, "stdev_factor": 0.44950873165397887, "_timestamp": 1660690906, "_runtime": 829, "_step": 2625, "eval_max": 0.2771202325820923, "eval_mse": 0.009864548510110505, "eval_mae": {"min": 0.06990504369605333}, "eval_rmse": 0.09932043349739521, "eval_r2": {"max": 0.6257864699198441}, "eval_stdev": 0.07202132199482168, "eval_stdev_error": 0.07482042289960807, "eval_qwk": {"max": 0.7338824647552669}, "eval_kappa": {"max": 0.3091830893777088}, "_wandb": {"runtime": 826}}