{"train_loss": 0.09073291718959808, "train_stdev": 0.09073291718959808, "train_rmse": 0.515350878238678, "train_r2": 167.8486328125, "stdev_factor": 1, "_timestamp": 1660566211, "_runtime": 28, "_step": 40, "eval_max": 0.9048731923103333, "eval_mse": 0.2530736093809721, "eval_mae": {"min": 0.4253610959276557}, "eval_rmse": 0.5030642199371489, "eval_r2": {"max": -1.2776624469093427}, "eval_stdev": 0.1796968163337282, "eval_stdev_error": 0.15363651974506654, "eval_qwk": {"max": -0.5696202531645569}, "eval_kappa": {"max": -0.2323851203501095}}